id,timestamp,price
ug1,01/06/2018 00:00,0.0484
ug1,01/06/2018 00:15,0.0484
ug1,01/06/2018 00:30,0.0484
ug1,01/06/2018 00:45,0.0484
ug1,01/06/2018 01:00,0.0446
ug1,01/06/2018 01:15,0.0446
ug1,01/06/2018 01:30,0.0446
ug1,01/06/2018 01:45,0.0446
ug1,01/06/2018 02:00,0.0437
ug1,01/06/2018 02:15,0.0437
ug1,01/06/2018 02:30,0.0437
ug1,01/06/2018 02:45,0.0437
ug1,01/06/2018 03:00,0.0445
ug1,01/06/2018 03:15,0.0445
ug1,01/06/2018 03:30,0.0445
ug1,01/06/2018 03:45,0.0445
ug1,01/06/2018 04:00,0.0518
ug1,01/06/2018 04:15,0.0518
ug1,01/06/2018 04:30,0.0518
ug1,01/06/2018 04:45,0.0518
ug1,01/06/2018 05:00,0.069
ug1,01/06/2018 05:15,0.069
ug1,01/06/2018 05:30,0.069
ug1,01/06/2018 05:45,0.069
ug1,01/06/2018 06:00,0.0824
ug1,01/06/2018 06:15,0.0824
ug1,01/06/2018 06:30,0.0824
ug1,01/06/2018 06:45,0.0824
ug1,01/06/2018 07:00,0.0801
ug1,01/06/2018 07:15,0.0801
ug1,01/06/2018 07:30,0.0801
ug1,01/06/2018 07:45,0.0801
ug1,01/06/2018 08:00,0.088
ug1,01/06/2018 08:15,0.088
ug1,01/06/2018 08:30,0.088
ug1,01/06/2018 08:45,0.088
ug1,01/06/2018 09:00,0.09
ug1,01/06/2018 09:15,0.09
ug1,01/06/2018 09:30,0.09
ug1,01/06/2018 09:45,0.09
ug1,01/06/2018 10:00,0.0926
ug1,01/06/2018 10:15,0.0926
ug1,01/06/2018 10:30,0.0926
ug1,01/06/2018 10:45,0.0926
ug1,01/06/2018 11:00,0.0887
ug1,01/06/2018 11:15,0.0887
ug1,01/06/2018 11:30,0.0887
ug1,01/06/2018 11:45,0.0887
ug1,01/06/2018 12:00,0.0906
ug1,01/06/2018 12:15,0.0906
ug1,01/06/2018 12:30,0.0906
ug1,01/06/2018 12:45,0.0906
ug1,01/06/2018 13:00,0.0905
ug1,01/06/2018 13:15,0.0905
ug1,01/06/2018 13:30,0.0905
ug1,01/06/2018 13:45,0.0905
ug1,01/06/2018 14:00,0.086
ug1,01/06/2018 14:15,0.086
ug1,01/06/2018 14:30,0.086
ug1,01/06/2018 14:45,0.086
ug1,01/06/2018 15:00,0.0791
ug1,01/06/2018 15:15,0.0791
ug1,01/06/2018 15:30,0.0791
ug1,01/06/2018 15:45,0.0791
ug1,01/06/2018 16:00,0.0746
ug1,01/06/2018 16:15,0.0746
ug1,01/06/2018 16:30,0.0746
ug1,01/06/2018 16:45,0.0746
ug1,01/06/2018 17:00,0.0655
ug1,01/06/2018 17:15,0.0655
ug1,01/06/2018 17:30,0.0655
ug1,01/06/2018 17:45,0.0655
ug1,01/06/2018 18:00,0.0624
ug1,01/06/2018 18:15,0.0624
ug1,01/06/2018 18:30,0.0624
ug1,01/06/2018 18:45,0.0624
ug1,01/06/2018 19:00,0.0658
ug1,01/06/2018 19:15,0.0658
ug1,01/06/2018 19:30,0.0658
ug1,01/06/2018 19:45,0.0658
ug1,01/06/2018 20:00,0.0727
ug1,01/06/2018 20:15,0.0727
ug1,01/06/2018 20:30,0.0727
ug1,01/06/2018 20:45,0.0727
ug1,01/06/2018 21:00,0.0609
ug1,01/06/2018 21:15,0.0609
ug1,01/06/2018 21:30,0.0609
ug1,01/06/2018 21:45,0.0609
ug1,01/06/2018 22:00,0.0525
ug1,01/06/2018 22:15,0.0525
ug1,01/06/2018 22:30,0.0525
ug1,01/06/2018 22:45,0.0525
ug1,01/06/2018 23:00,0.0449
ug1,01/06/2018 23:15,0.0449
ug1,01/06/2018 23:30,0.0449
ug1,01/06/2018 23:45,0.0449
ug1,02/06/2018 00:00,0.0484
ug1,02/06/2018 00:15,0.0484
ug1,02/06/2018 00:30,0.0484
ug1,02/06/2018 00:45,0.0484
ug1,02/06/2018 01:00,0.0446
ug1,02/06/2018 01:15,0.0446
ug1,02/06/2018 01:30,0.0446
ug1,02/06/2018 01:45,0.0446
ug1,02/06/2018 02:00,0.0437
ug1,02/06/2018 02:15,0.0437
ug1,02/06/2018 02:30,0.0437
ug1,02/06/2018 02:45,0.0437
ug1,02/06/2018 03:00,0.0445
ug1,02/06/2018 03:15,0.0445
ug1,02/06/2018 03:30,0.0445
ug1,02/06/2018 03:45,0.0445
ug1,02/06/2018 04:00,0.0518
ug1,02/06/2018 04:15,0.0518
ug1,02/06/2018 04:30,0.0518
ug1,02/06/2018 04:45,0.0518
ug1,02/06/2018 05:00,0.069
ug1,02/06/2018 05:15,0.069
ug1,02/06/2018 05:30,0.069
ug1,02/06/2018 05:45,0.069
ug1,02/06/2018 06:00,0.0824
ug1,02/06/2018 06:15,0.0824
ug1,02/06/2018 06:30,0.0824
ug1,02/06/2018 06:45,0.0824
ug1,02/06/2018 07:00,0.0801
ug1,02/06/2018 07:15,0.0801
ug1,02/06/2018 07:30,0.0801
ug1,02/06/2018 07:45,0.0801
ug1,02/06/2018 08:00,0.088
ug1,02/06/2018 08:15,0.088
ug1,02/06/2018 08:30,0.088
ug1,02/06/2018 08:45,0.088
ug1,02/06/2018 09:00,0.09
ug1,02/06/2018 09:15,0.09
ug1,02/06/2018 09:30,0.09
ug1,02/06/2018 09:45,0.09
ug1,02/06/2018 10:00,0.0926
ug1,02/06/2018 10:15,0.0926
ug1,02/06/2018 10:30,0.0926
ug1,02/06/2018 10:45,0.0926
ug1,02/06/2018 11:00,0.0887
ug1,02/06/2018 11:15,0.0887
ug1,02/06/2018 11:30,0.0887
ug1,02/06/2018 11:45,0.0887
ug1,02/06/2018 12:00,0.0906
ug1,02/06/2018 12:15,0.0906
ug1,02/06/2018 12:30,0.0906
ug1,02/06/2018 12:45,0.0906
ug1,02/06/2018 13:00,0.0905
ug1,02/06/2018 13:15,0.0905
ug1,02/06/2018 13:30,0.0905
ug1,02/06/2018 13:45,0.0905
ug1,02/06/2018 14:00,0.086
ug1,02/06/2018 14:15,0.086
ug1,02/06/2018 14:30,0.086
ug1,02/06/2018 14:45,0.086
ug1,02/06/2018 15:00,0.0791
ug1,02/06/2018 15:15,0.0791
ug1,02/06/2018 15:30,0.0791
ug1,02/06/2018 15:45,0.0791
ug1,02/06/2018 16:00,0.0746
ug1,02/06/2018 16:15,0.0746
ug1,02/06/2018 16:30,0.0746
ug1,02/06/2018 16:45,0.0746
ug1,02/06/2018 17:00,0.0655
ug1,02/06/2018 17:15,0.0655
ug1,02/06/2018 17:30,0.0655
ug1,02/06/2018 17:45,0.0655
ug1,02/06/2018 18:00,0.0624
ug1,02/06/2018 18:15,0.0624
ug1,02/06/2018 18:30,0.0624
ug1,02/06/2018 18:45,0.0624
ug1,02/06/2018 19:00,0.0658
ug1,02/06/2018 19:15,0.0658
ug1,02/06/2018 19:30,0.0658
ug1,02/06/2018 19:45,0.0658
ug1,02/06/2018 20:00,0.0727
ug1,02/06/2018 20:15,0.0727
ug1,02/06/2018 20:30,0.0727
ug1,02/06/2018 20:45,0.0727
ug1,02/06/2018 21:00,0.0609
ug1,02/06/2018 21:15,0.0609
ug1,02/06/2018 21:30,0.0609
ug1,02/06/2018 21:45,0.0609
ug1,02/06/2018 22:00,0.0525
ug1,02/06/2018 22:15,0.0525
ug1,02/06/2018 22:30,0.0525
ug1,02/06/2018 22:45,0.0525
ug1,02/06/2018 23:00,0.0449
ug1,02/06/2018 23:15,0.0449
ug1,02/06/2018 23:30,0.0449
ug1,02/06/2018 23:45,0.0449
ug1,03/06/2018 00:00,0.0484
ug1,03/06/2018 00:15,0.0484
ug1,03/06/2018 00:30,0.0484
ug1,03/06/2018 00:45,0.0484
ug1,03/06/2018 01:00,0.0446
ug1,03/06/2018 01:15,0.0446
ug1,03/06/2018 01:30,0.0446
ug1,03/06/2018 01:45,0.0446
ug1,03/06/2018 02:00,0.0437
ug1,03/06/2018 02:15,0.0437
ug1,03/06/2018 02:30,0.0437
ug1,03/06/2018 02:45,0.0437
ug1,03/06/2018 03:00,0.0445
ug1,03/06/2018 03:15,0.0445
ug1,03/06/2018 03:30,0.0445
ug1,03/06/2018 03:45,0.0445
ug1,03/06/2018 04:00,0.0518
ug1,03/06/2018 04:15,0.0518
ug1,03/06/2018 04:30,0.0518
ug1,03/06/2018 04:45,0.0518
ug1,03/06/2018 05:00,0.069
ug1,03/06/2018 05:15,0.069
ug1,03/06/2018 05:30,0.069
ug1,03/06/2018 05:45,0.069
ug1,03/06/2018 06:00,0.0824
ug1,03/06/2018 06:15,0.0824
ug1,03/06/2018 06:30,0.0824
ug1,03/06/2018 06:45,0.0824
ug1,03/06/2018 07:00,0.0801
ug1,03/06/2018 07:15,0.0801
ug1,03/06/2018 07:30,0.0801
ug1,03/06/2018 07:45,0.0801
ug1,03/06/2018 08:00,0.088
ug1,03/06/2018 08:15,0.088
ug1,03/06/2018 08:30,0.088
ug1,03/06/2018 08:45,0.088
ug1,03/06/2018 09:00,0.09
ug1,03/06/2018 09:15,0.09
ug1,03/06/2018 09:30,0.09
ug1,03/06/2018 09:45,0.09
ug1,03/06/2018 10:00,0.0926
ug1,03/06/2018 10:15,0.0926
ug1,03/06/2018 10:30,0.0926
ug1,03/06/2018 10:45,0.0926
ug1,03/06/2018 11:00,0.0887
ug1,03/06/2018 11:15,0.0887
ug1,03/06/2018 11:30,0.0887
ug1,03/06/2018 11:45,0.0887
ug1,03/06/2018 12:00,0.0906
ug1,03/06/2018 12:15,0.0906
ug1,03/06/2018 12:30,0.0906
ug1,03/06/2018 12:45,0.0906
ug1,03/06/2018 13:00,0.0905
ug1,03/06/2018 13:15,0.0905
ug1,03/06/2018 13:30,0.0905
ug1,03/06/2018 13:45,0.0905
ug1,03/06/2018 14:00,0.086
ug1,03/06/2018 14:15,0.086
ug1,03/06/2018 14:30,0.086
ug1,03/06/2018 14:45,0.086
ug1,03/06/2018 15:00,0.0791
ug1,03/06/2018 15:15,0.0791
ug1,03/06/2018 15:30,0.0791
ug1,03/06/2018 15:45,0.0791
ug1,03/06/2018 16:00,0.0746
ug1,03/06/2018 16:15,0.0746
ug1,03/06/2018 16:30,0.0746
ug1,03/06/2018 16:45,0.0746
ug1,03/06/2018 17:00,0.0655
ug1,03/06/2018 17:15,0.0655
ug1,03/06/2018 17:30,0.0655
ug1,03/06/2018 17:45,0.0655
ug1,03/06/2018 18:00,0.0624
ug1,03/06/2018 18:15,0.0624
ug1,03/06/2018 18:30,0.0624
ug1,03/06/2018 18:45,0.0624
ug1,03/06/2018 19:00,0.0658
ug1,03/06/2018 19:15,0.0658
ug1,03/06/2018 19:30,0.0658
ug1,03/06/2018 19:45,0.0658
ug1,03/06/2018 20:00,0.0727
ug1,03/06/2018 20:15,0.0727
ug1,03/06/2018 20:30,0.0727
ug1,03/06/2018 20:45,0.0727
ug1,03/06/2018 21:00,0.0609
ug1,03/06/2018 21:15,0.0609
ug1,03/06/2018 21:30,0.0609
ug1,03/06/2018 21:45,0.0609
ug1,03/06/2018 22:00,0.0525
ug1,03/06/2018 22:15,0.0525
ug1,03/06/2018 22:30,0.0525
ug1,03/06/2018 22:45,0.0525
ug1,03/06/2018 23:00,0.0449
ug1,03/06/2018 23:15,0.0449
ug1,03/06/2018 23:30,0.0449
ug1,03/06/2018 23:45,0.0449
ug1,04/06/2018 00:00,0.0484
ug1,04/06/2018 00:15,0.0484
ug1,04/06/2018 00:30,0.0484
ug1,04/06/2018 00:45,0.0484
ug1,04/06/2018 01:00,0.0446
ug1,04/06/2018 01:15,0.0446
ug1,04/06/2018 01:30,0.0446
ug1,04/06/2018 01:45,0.0446
ug1,04/06/2018 02:00,0.0437
ug1,04/06/2018 02:15,0.0437
ug1,04/06/2018 02:30,0.0437
ug1,04/06/2018 02:45,0.0437
ug1,04/06/2018 03:00,0.0445
ug1,04/06/2018 03:15,0.0445
ug1,04/06/2018 03:30,0.0445
ug1,04/06/2018 03:45,0.0445
ug1,04/06/2018 04:00,0.0518
ug1,04/06/2018 04:15,0.0518
ug1,04/06/2018 04:30,0.0518
ug1,04/06/2018 04:45,0.0518
ug1,04/06/2018 05:00,0.069
ug1,04/06/2018 05:15,0.069
ug1,04/06/2018 05:30,0.069
ug1,04/06/2018 05:45,0.069
ug1,04/06/2018 06:00,0.0824
ug1,04/06/2018 06:15,0.0824
ug1,04/06/2018 06:30,0.0824
ug1,04/06/2018 06:45,0.0824
ug1,04/06/2018 07:00,0.0801
ug1,04/06/2018 07:15,0.0801
ug1,04/06/2018 07:30,0.0801
ug1,04/06/2018 07:45,0.0801
ug1,04/06/2018 08:00,0.088
ug1,04/06/2018 08:15,0.088
ug1,04/06/2018 08:30,0.088
ug1,04/06/2018 08:45,0.088
ug1,04/06/2018 09:00,0.09
ug1,04/06/2018 09:15,0.09
ug1,04/06/2018 09:30,0.09
ug1,04/06/2018 09:45,0.09
ug1,04/06/2018 10:00,0.0926
ug1,04/06/2018 10:15,0.0926
ug1,04/06/2018 10:30,0.0926
ug1,04/06/2018 10:45,0.0926
ug1,04/06/2018 11:00,0.0887
ug1,04/06/2018 11:15,0.0887
ug1,04/06/2018 11:30,0.0887
ug1,04/06/2018 11:45,0.0887
ug1,04/06/2018 12:00,0.0906
ug1,04/06/2018 12:15,0.0906
ug1,04/06/2018 12:30,0.0906
ug1,04/06/2018 12:45,0.0906
ug1,04/06/2018 13:00,0.0905
ug1,04/06/2018 13:15,0.0905
ug1,04/06/2018 13:30,0.0905
ug1,04/06/2018 13:45,0.0905
ug1,04/06/2018 14:00,0.086
ug1,04/06/2018 14:15,0.086
ug1,04/06/2018 14:30,0.086
ug1,04/06/2018 14:45,0.086
ug1,04/06/2018 15:00,0.0791
ug1,04/06/2018 15:15,0.0791
ug1,04/06/2018 15:30,0.0791
ug1,04/06/2018 15:45,0.0791
ug1,04/06/2018 16:00,0.0746
ug1,04/06/2018 16:15,0.0746
ug1,04/06/2018 16:30,0.0746
ug1,04/06/2018 16:45,0.0746
ug1,04/06/2018 17:00,0.0655
ug1,04/06/2018 17:15,0.0655
ug1,04/06/2018 17:30,0.0655
ug1,04/06/2018 17:45,0.0655
ug1,04/06/2018 18:00,0.0624
ug1,04/06/2018 18:15,0.0624
ug1,04/06/2018 18:30,0.0624
ug1,04/06/2018 18:45,0.0624
ug1,04/06/2018 19:00,0.0658
ug1,04/06/2018 19:15,0.0658
ug1,04/06/2018 19:30,0.0658
ug1,04/06/2018 19:45,0.0658
ug1,04/06/2018 20:00,0.0727
ug1,04/06/2018 20:15,0.0727
ug1,04/06/2018 20:30,0.0727
ug1,04/06/2018 20:45,0.0727
ug1,04/06/2018 21:00,0.0609
ug1,04/06/2018 21:15,0.0609
ug1,04/06/2018 21:30,0.0609
ug1,04/06/2018 21:45,0.0609
ug1,04/06/2018 22:00,0.0525
ug1,04/06/2018 22:15,0.0525
ug1,04/06/2018 22:30,0.0525
ug1,04/06/2018 22:45,0.0525
ug1,04/06/2018 23:00,0.0449
ug1,04/06/2018 23:15,0.0449
ug1,04/06/2018 23:30,0.0449
ug1,04/06/2018 23:45,0.0449
ug1,05/06/2018 00:00,0.0484
ug1,05/06/2018 00:15,0.0484
ug1,05/06/2018 00:30,0.0484
ug1,05/06/2018 00:45,0.0484
ug1,05/06/2018 01:00,0.0446
ug1,05/06/2018 01:15,0.0446
ug1,05/06/2018 01:30,0.0446
ug1,05/06/2018 01:45,0.0446
ug1,05/06/2018 02:00,0.0437
ug1,05/06/2018 02:15,0.0437
ug1,05/06/2018 02:30,0.0437
ug1,05/06/2018 02:45,0.0437
ug1,05/06/2018 03:00,0.0445
ug1,05/06/2018 03:15,0.0445
ug1,05/06/2018 03:30,0.0445
ug1,05/06/2018 03:45,0.0445
ug1,05/06/2018 04:00,0.0518
ug1,05/06/2018 04:15,0.0518
ug1,05/06/2018 04:30,0.0518
ug1,05/06/2018 04:45,0.0518
ug1,05/06/2018 05:00,0.069
ug1,05/06/2018 05:15,0.069
ug1,05/06/2018 05:30,0.069
ug1,05/06/2018 05:45,0.069
ug1,05/06/2018 06:00,0.0824
ug1,05/06/2018 06:15,0.0824
ug1,05/06/2018 06:30,0.0824
ug1,05/06/2018 06:45,0.0824
ug1,05/06/2018 07:00,0.0801
ug1,05/06/2018 07:15,0.0801
ug1,05/06/2018 07:30,0.0801
ug1,05/06/2018 07:45,0.0801
ug1,05/06/2018 08:00,0.088
ug1,05/06/2018 08:15,0.088
ug1,05/06/2018 08:30,0.088
ug1,05/06/2018 08:45,0.088
ug1,05/06/2018 09:00,0.09
ug1,05/06/2018 09:15,0.09
ug1,05/06/2018 09:30,0.09
ug1,05/06/2018 09:45,0.09
ug1,05/06/2018 10:00,0.0926
ug1,05/06/2018 10:15,0.0926
ug1,05/06/2018 10:30,0.0926
ug1,05/06/2018 10:45,0.0926
ug1,05/06/2018 11:00,0.0887
ug1,05/06/2018 11:15,0.0887
ug1,05/06/2018 11:30,0.0887
ug1,05/06/2018 11:45,0.0887
ug1,05/06/2018 12:00,0.0906
ug1,05/06/2018 12:15,0.0906
ug1,05/06/2018 12:30,0.0906
ug1,05/06/2018 12:45,0.0906
ug1,05/06/2018 13:00,0.0905
ug1,05/06/2018 13:15,0.0905
ug1,05/06/2018 13:30,0.0905
ug1,05/06/2018 13:45,0.0905
ug1,05/06/2018 14:00,0.086
ug1,05/06/2018 14:15,0.086
ug1,05/06/2018 14:30,0.086
ug1,05/06/2018 14:45,0.086
ug1,05/06/2018 15:00,0.0791
ug1,05/06/2018 15:15,0.0791
ug1,05/06/2018 15:30,0.0791
ug1,05/06/2018 15:45,0.0791
ug1,05/06/2018 16:00,0.0746
ug1,05/06/2018 16:15,0.0746
ug1,05/06/2018 16:30,0.0746
ug1,05/06/2018 16:45,0.0746
ug1,05/06/2018 17:00,0.0655
ug1,05/06/2018 17:15,0.0655
ug1,05/06/2018 17:30,0.0655
ug1,05/06/2018 17:45,0.0655
ug1,05/06/2018 18:00,0.0624
ug1,05/06/2018 18:15,0.0624
ug1,05/06/2018 18:30,0.0624
ug1,05/06/2018 18:45,0.0624
ug1,05/06/2018 19:00,0.0658
ug1,05/06/2018 19:15,0.0658
ug1,05/06/2018 19:30,0.0658
ug1,05/06/2018 19:45,0.0658
ug1,05/06/2018 20:00,0.0727
ug1,05/06/2018 20:15,0.0727
ug1,05/06/2018 20:30,0.0727
ug1,05/06/2018 20:45,0.0727
ug1,05/06/2018 21:00,0.0609
ug1,05/06/2018 21:15,0.0609
ug1,05/06/2018 21:30,0.0609
ug1,05/06/2018 21:45,0.0609
ug1,05/06/2018 22:00,0.0525
ug1,05/06/2018 22:15,0.0525
ug1,05/06/2018 22:30,0.0525
ug1,05/06/2018 22:45,0.0525
ug1,05/06/2018 23:00,0.0449
ug1,05/06/2018 23:15,0.0449
ug1,05/06/2018 23:30,0.0449
ug1,05/06/2018 23:45,0.0449
ug1,06/06/2018 00:00,0.0484
ug1,06/06/2018 00:15,0.0484
ug1,06/06/2018 00:30,0.0484
ug1,06/06/2018 00:45,0.0484
ug1,06/06/2018 01:00,0.0446
ug1,06/06/2018 01:15,0.0446
ug1,06/06/2018 01:30,0.0446
ug1,06/06/2018 01:45,0.0446
ug1,06/06/2018 02:00,0.0437
ug1,06/06/2018 02:15,0.0437
ug1,06/06/2018 02:30,0.0437
ug1,06/06/2018 02:45,0.0437
ug1,06/06/2018 03:00,0.0445
ug1,06/06/2018 03:15,0.0445
ug1,06/06/2018 03:30,0.0445
ug1,06/06/2018 03:45,0.0445
ug1,06/06/2018 04:00,0.0518
ug1,06/06/2018 04:15,0.0518
ug1,06/06/2018 04:30,0.0518
ug1,06/06/2018 04:45,0.0518
ug1,06/06/2018 05:00,0.069
ug1,06/06/2018 05:15,0.069
ug1,06/06/2018 05:30,0.069
ug1,06/06/2018 05:45,0.069
ug1,06/06/2018 06:00,0.0824
ug1,06/06/2018 06:15,0.0824
ug1,06/06/2018 06:30,0.0824
ug1,06/06/2018 06:45,0.0824
ug1,06/06/2018 07:00,0.0801
ug1,06/06/2018 07:15,0.0801
ug1,06/06/2018 07:30,0.0801
ug1,06/06/2018 07:45,0.0801
ug1,06/06/2018 08:00,0.088
ug1,06/06/2018 08:15,0.088
ug1,06/06/2018 08:30,0.088
ug1,06/06/2018 08:45,0.088
ug1,06/06/2018 09:00,0.09
ug1,06/06/2018 09:15,0.09
ug1,06/06/2018 09:30,0.09
ug1,06/06/2018 09:45,0.09
ug1,06/06/2018 10:00,0.0926
ug1,06/06/2018 10:15,0.0926
ug1,06/06/2018 10:30,0.0926
ug1,06/06/2018 10:45,0.0926
ug1,06/06/2018 11:00,0.0887
ug1,06/06/2018 11:15,0.0887
ug1,06/06/2018 11:30,0.0887
ug1,06/06/2018 11:45,0.0887
ug1,06/06/2018 12:00,0.0906
ug1,06/06/2018 12:15,0.0906
ug1,06/06/2018 12:30,0.0906
ug1,06/06/2018 12:45,0.0906
ug1,06/06/2018 13:00,0.0905
ug1,06/06/2018 13:15,0.0905
ug1,06/06/2018 13:30,0.0905
ug1,06/06/2018 13:45,0.0905
ug1,06/06/2018 14:00,0.086
ug1,06/06/2018 14:15,0.086
ug1,06/06/2018 14:30,0.086
ug1,06/06/2018 14:45,0.086
ug1,06/06/2018 15:00,0.0791
ug1,06/06/2018 15:15,0.0791
ug1,06/06/2018 15:30,0.0791
ug1,06/06/2018 15:45,0.0791
ug1,06/06/2018 16:00,0.0746
ug1,06/06/2018 16:15,0.0746
ug1,06/06/2018 16:30,0.0746
ug1,06/06/2018 16:45,0.0746
ug1,06/06/2018 17:00,0.0655
ug1,06/06/2018 17:15,0.0655
ug1,06/06/2018 17:30,0.0655
ug1,06/06/2018 17:45,0.0655
ug1,06/06/2018 18:00,0.0624
ug1,06/06/2018 18:15,0.0624
ug1,06/06/2018 18:30,0.0624
ug1,06/06/2018 18:45,0.0624
ug1,06/06/2018 19:00,0.0658
ug1,06/06/2018 19:15,0.0658
ug1,06/06/2018 19:30,0.0658
ug1,06/06/2018 19:45,0.0658
ug1,06/06/2018 20:00,0.0727
ug1,06/06/2018 20:15,0.0727
ug1,06/06/2018 20:30,0.0727
ug1,06/06/2018 20:45,0.0727
ug1,06/06/2018 21:00,0.0609
ug1,06/06/2018 21:15,0.0609
ug1,06/06/2018 21:30,0.0609
ug1,06/06/2018 21:45,0.0609
ug1,06/06/2018 22:00,0.0525
ug1,06/06/2018 22:15,0.0525
ug1,06/06/2018 22:30,0.0525
ug1,06/06/2018 22:45,0.0525
ug1,06/06/2018 23:00,0.0449
ug1,06/06/2018 23:15,0.0449
ug1,06/06/2018 23:30,0.0449
ug1,06/06/2018 23:45,0.0449
ug1,07/06/2018 00:00,0.0484
ug1,07/06/2018 00:15,0.0484
ug1,07/06/2018 00:30,0.0484
ug1,07/06/2018 00:45,0.0484
ug1,07/06/2018 01:00,0.0446
ug1,07/06/2018 01:15,0.0446
ug1,07/06/2018 01:30,0.0446
ug1,07/06/2018 01:45,0.0446
ug1,07/06/2018 02:00,0.0437
ug1,07/06/2018 02:15,0.0437
ug1,07/06/2018 02:30,0.0437
ug1,07/06/2018 02:45,0.0437
ug1,07/06/2018 03:00,0.0445
ug1,07/06/2018 03:15,0.0445
ug1,07/06/2018 03:30,0.0445
ug1,07/06/2018 03:45,0.0445
ug1,07/06/2018 04:00,0.0518
ug1,07/06/2018 04:15,0.0518
ug1,07/06/2018 04:30,0.0518
ug1,07/06/2018 04:45,0.0518
ug1,07/06/2018 05:00,0.069
ug1,07/06/2018 05:15,0.069
ug1,07/06/2018 05:30,0.069
ug1,07/06/2018 05:45,0.069
ug1,07/06/2018 06:00,0.0824
ug1,07/06/2018 06:15,0.0824
ug1,07/06/2018 06:30,0.0824
ug1,07/06/2018 06:45,0.0824
ug1,07/06/2018 07:00,0.0801
ug1,07/06/2018 07:15,0.0801
ug1,07/06/2018 07:30,0.0801
ug1,07/06/2018 07:45,0.0801
ug1,07/06/2018 08:00,0.088
ug1,07/06/2018 08:15,0.088
ug1,07/06/2018 08:30,0.088
ug1,07/06/2018 08:45,0.088
ug1,07/06/2018 09:00,0.09
ug1,07/06/2018 09:15,0.09
ug1,07/06/2018 09:30,0.09
ug1,07/06/2018 09:45,0.09
ug1,07/06/2018 10:00,0.0926
ug1,07/06/2018 10:15,0.0926
ug1,07/06/2018 10:30,0.0926
ug1,07/06/2018 10:45,0.0926
ug1,07/06/2018 11:00,0.0887
ug1,07/06/2018 11:15,0.0887
ug1,07/06/2018 11:30,0.0887
ug1,07/06/2018 11:45,0.0887
ug1,07/06/2018 12:00,0.0906
ug1,07/06/2018 12:15,0.0906
ug1,07/06/2018 12:30,0.0906
ug1,07/06/2018 12:45,0.0906
ug1,07/06/2018 13:00,0.0905
ug1,07/06/2018 13:15,0.0905
ug1,07/06/2018 13:30,0.0905
ug1,07/06/2018 13:45,0.0905
ug1,07/06/2018 14:00,0.086
ug1,07/06/2018 14:15,0.086
ug1,07/06/2018 14:30,0.086
ug1,07/06/2018 14:45,0.086
ug1,07/06/2018 15:00,0.0791
ug1,07/06/2018 15:15,0.0791
ug1,07/06/2018 15:30,0.0791
ug1,07/06/2018 15:45,0.0791
ug1,07/06/2018 16:00,0.0746
ug1,07/06/2018 16:15,0.0746
ug1,07/06/2018 16:30,0.0746
ug1,07/06/2018 16:45,0.0746
ug1,07/06/2018 17:00,0.0655
ug1,07/06/2018 17:15,0.0655
ug1,07/06/2018 17:30,0.0655
ug1,07/06/2018 17:45,0.0655
ug1,07/06/2018 18:00,0.0624
ug1,07/06/2018 18:15,0.0624
ug1,07/06/2018 18:30,0.0624
ug1,07/06/2018 18:45,0.0624
ug1,07/06/2018 19:00,0.0658
ug1,07/06/2018 19:15,0.0658
ug1,07/06/2018 19:30,0.0658
ug1,07/06/2018 19:45,0.0658
ug1,07/06/2018 20:00,0.0727
ug1,07/06/2018 20:15,0.0727
ug1,07/06/2018 20:30,0.0727
ug1,07/06/2018 20:45,0.0727
ug1,07/06/2018 21:00,0.0609
ug1,07/06/2018 21:15,0.0609
ug1,07/06/2018 21:30,0.0609
ug1,07/06/2018 21:45,0.0609
ug1,07/06/2018 22:00,0.0525
ug1,07/06/2018 22:15,0.0525
ug1,07/06/2018 22:30,0.0525
ug1,07/06/2018 22:45,0.0525
ug1,07/06/2018 23:00,0.0449
ug1,07/06/2018 23:15,0.0449
ug1,07/06/2018 23:30,0.0449
ug1,07/06/2018 23:45,0.0449
ug1,08/06/2018 00:00,0.0484
ug1,08/06/2018 00:15,0.0484
ug1,08/06/2018 00:30,0.0484
ug1,08/06/2018 00:45,0.0484
ug1,08/06/2018 01:00,0.0446
ug1,08/06/2018 01:15,0.0446
ug1,08/06/2018 01:30,0.0446
ug1,08/06/2018 01:45,0.0446
ug1,08/06/2018 02:00,0.0437
ug1,08/06/2018 02:15,0.0437
ug1,08/06/2018 02:30,0.0437
ug1,08/06/2018 02:45,0.0437
ug1,08/06/2018 03:00,0.0445
ug1,08/06/2018 03:15,0.0445
ug1,08/06/2018 03:30,0.0445
ug1,08/06/2018 03:45,0.0445
ug1,08/06/2018 04:00,0.0518
ug1,08/06/2018 04:15,0.0518
ug1,08/06/2018 04:30,0.0518
ug1,08/06/2018 04:45,0.0518
ug1,08/06/2018 05:00,0.069
ug1,08/06/2018 05:15,0.069
ug1,08/06/2018 05:30,0.069
ug1,08/06/2018 05:45,0.069
ug1,08/06/2018 06:00,0.0824
ug1,08/06/2018 06:15,0.0824
ug1,08/06/2018 06:30,0.0824
ug1,08/06/2018 06:45,0.0824
ug1,08/06/2018 07:00,0.0801
ug1,08/06/2018 07:15,0.0801
ug1,08/06/2018 07:30,0.0801
ug1,08/06/2018 07:45,0.0801
ug1,08/06/2018 08:00,0.088
ug1,08/06/2018 08:15,0.088
ug1,08/06/2018 08:30,0.088
ug1,08/06/2018 08:45,0.088
ug1,08/06/2018 09:00,0.09
ug1,08/06/2018 09:15,0.09
ug1,08/06/2018 09:30,0.09
ug1,08/06/2018 09:45,0.09
ug1,08/06/2018 10:00,0.0926
ug1,08/06/2018 10:15,0.0926
ug1,08/06/2018 10:30,0.0926
ug1,08/06/2018 10:45,0.0926
ug1,08/06/2018 11:00,0.0887
ug1,08/06/2018 11:15,0.0887
ug1,08/06/2018 11:30,0.0887
ug1,08/06/2018 11:45,0.0887
ug1,08/06/2018 12:00,0.0906
ug1,08/06/2018 12:15,0.0906
ug1,08/06/2018 12:30,0.0906
ug1,08/06/2018 12:45,0.0906
ug1,08/06/2018 13:00,0.0905
ug1,08/06/2018 13:15,0.0905
ug1,08/06/2018 13:30,0.0905
ug1,08/06/2018 13:45,0.0905
ug1,08/06/2018 14:00,0.086
ug1,08/06/2018 14:15,0.086
ug1,08/06/2018 14:30,0.086
ug1,08/06/2018 14:45,0.086
ug1,08/06/2018 15:00,0.0791
ug1,08/06/2018 15:15,0.0791
ug1,08/06/2018 15:30,0.0791
ug1,08/06/2018 15:45,0.0791
ug1,08/06/2018 16:00,0.0746
ug1,08/06/2018 16:15,0.0746
ug1,08/06/2018 16:30,0.0746
ug1,08/06/2018 16:45,0.0746
ug1,08/06/2018 17:00,0.0655
ug1,08/06/2018 17:15,0.0655
ug1,08/06/2018 17:30,0.0655
ug1,08/06/2018 17:45,0.0655
ug1,08/06/2018 18:00,0.0624
ug1,08/06/2018 18:15,0.0624
ug1,08/06/2018 18:30,0.0624
ug1,08/06/2018 18:45,0.0624
ug1,08/06/2018 19:00,0.0658
ug1,08/06/2018 19:15,0.0658
ug1,08/06/2018 19:30,0.0658
ug1,08/06/2018 19:45,0.0658
ug1,08/06/2018 20:00,0.0727
ug1,08/06/2018 20:15,0.0727
ug1,08/06/2018 20:30,0.0727
ug1,08/06/2018 20:45,0.0727
ug1,08/06/2018 21:00,0.0609
ug1,08/06/2018 21:15,0.0609
ug1,08/06/2018 21:30,0.0609
ug1,08/06/2018 21:45,0.0609
ug1,08/06/2018 22:00,0.0525
ug1,08/06/2018 22:15,0.0525
ug1,08/06/2018 22:30,0.0525
ug1,08/06/2018 22:45,0.0525
ug1,08/06/2018 23:00,0.0449
ug1,08/06/2018 23:15,0.0449
ug1,08/06/2018 23:30,0.0449
ug1,08/06/2018 23:45,0.0449
ug1,09/06/2018 00:00,0.0484
ug1,09/06/2018 00:15,0.0484
ug1,09/06/2018 00:30,0.0484
ug1,09/06/2018 00:45,0.0484
ug1,09/06/2018 01:00,0.0446
ug1,09/06/2018 01:15,0.0446
ug1,09/06/2018 01:30,0.0446
ug1,09/06/2018 01:45,0.0446
ug1,09/06/2018 02:00,0.0437
ug1,09/06/2018 02:15,0.0437
ug1,09/06/2018 02:30,0.0437
ug1,09/06/2018 02:45,0.0437
ug1,09/06/2018 03:00,0.0445
ug1,09/06/2018 03:15,0.0445
ug1,09/06/2018 03:30,0.0445
ug1,09/06/2018 03:45,0.0445
ug1,09/06/2018 04:00,0.0518
ug1,09/06/2018 04:15,0.0518
ug1,09/06/2018 04:30,0.0518
ug1,09/06/2018 04:45,0.0518
ug1,09/06/2018 05:00,0.069
ug1,09/06/2018 05:15,0.069
ug1,09/06/2018 05:30,0.069
ug1,09/06/2018 05:45,0.069
ug1,09/06/2018 06:00,0.0824
ug1,09/06/2018 06:15,0.0824
ug1,09/06/2018 06:30,0.0824
ug1,09/06/2018 06:45,0.0824
ug1,09/06/2018 07:00,0.0801
ug1,09/06/2018 07:15,0.0801
ug1,09/06/2018 07:30,0.0801
ug1,09/06/2018 07:45,0.0801
ug1,09/06/2018 08:00,0.088
ug1,09/06/2018 08:15,0.088
ug1,09/06/2018 08:30,0.088
ug1,09/06/2018 08:45,0.088
ug1,09/06/2018 09:00,0.09
ug1,09/06/2018 09:15,0.09
ug1,09/06/2018 09:30,0.09
ug1,09/06/2018 09:45,0.09
ug1,09/06/2018 10:00,0.0926
ug1,09/06/2018 10:15,0.0926
ug1,09/06/2018 10:30,0.0926
ug1,09/06/2018 10:45,0.0926
ug1,09/06/2018 11:00,0.0887
ug1,09/06/2018 11:15,0.0887
ug1,09/06/2018 11:30,0.0887
ug1,09/06/2018 11:45,0.0887
ug1,09/06/2018 12:00,0.0906
ug1,09/06/2018 12:15,0.0906
ug1,09/06/2018 12:30,0.0906
ug1,09/06/2018 12:45,0.0906
ug1,09/06/2018 13:00,0.0905
ug1,09/06/2018 13:15,0.0905
ug1,09/06/2018 13:30,0.0905
ug1,09/06/2018 13:45,0.0905
ug1,09/06/2018 14:00,0.086
ug1,09/06/2018 14:15,0.086
ug1,09/06/2018 14:30,0.086
ug1,09/06/2018 14:45,0.086
ug1,09/06/2018 15:00,0.0791
ug1,09/06/2018 15:15,0.0791
ug1,09/06/2018 15:30,0.0791
ug1,09/06/2018 15:45,0.0791
ug1,09/06/2018 16:00,0.0746
ug1,09/06/2018 16:15,0.0746
ug1,09/06/2018 16:30,0.0746
ug1,09/06/2018 16:45,0.0746
ug1,09/06/2018 17:00,0.0655
ug1,09/06/2018 17:15,0.0655
ug1,09/06/2018 17:30,0.0655
ug1,09/06/2018 17:45,0.0655
ug1,09/06/2018 18:00,0.0624
ug1,09/06/2018 18:15,0.0624
ug1,09/06/2018 18:30,0.0624
ug1,09/06/2018 18:45,0.0624
ug1,09/06/2018 19:00,0.0658
ug1,09/06/2018 19:15,0.0658
ug1,09/06/2018 19:30,0.0658
ug1,09/06/2018 19:45,0.0658
ug1,09/06/2018 20:00,0.0727
ug1,09/06/2018 20:15,0.0727
ug1,09/06/2018 20:30,0.0727
ug1,09/06/2018 20:45,0.0727
ug1,09/06/2018 21:00,0.0609
ug1,09/06/2018 21:15,0.0609
ug1,09/06/2018 21:30,0.0609
ug1,09/06/2018 21:45,0.0609
ug1,09/06/2018 22:00,0.0525
ug1,09/06/2018 22:15,0.0525
ug1,09/06/2018 22:30,0.0525
ug1,09/06/2018 22:45,0.0525
ug1,09/06/2018 23:00,0.0449
ug1,09/06/2018 23:15,0.0449
ug1,09/06/2018 23:30,0.0449
ug1,09/06/2018 23:45,0.0449
ug1,10/06/2018 00:00,0.0484
ug1,10/06/2018 00:15,0.0484
ug1,10/06/2018 00:30,0.0484
ug1,10/06/2018 00:45,0.0484
ug1,10/06/2018 01:00,0.0446
ug1,10/06/2018 01:15,0.0446
ug1,10/06/2018 01:30,0.0446
ug1,10/06/2018 01:45,0.0446
ug1,10/06/2018 02:00,0.0437
ug1,10/06/2018 02:15,0.0437
ug1,10/06/2018 02:30,0.0437
ug1,10/06/2018 02:45,0.0437
ug1,10/06/2018 03:00,0.0445
ug1,10/06/2018 03:15,0.0445
ug1,10/06/2018 03:30,0.0445
ug1,10/06/2018 03:45,0.0445
ug1,10/06/2018 04:00,0.0518
ug1,10/06/2018 04:15,0.0518
ug1,10/06/2018 04:30,0.0518
ug1,10/06/2018 04:45,0.0518
ug1,10/06/2018 05:00,0.069
ug1,10/06/2018 05:15,0.069
ug1,10/06/2018 05:30,0.069
ug1,10/06/2018 05:45,0.069
ug1,10/06/2018 06:00,0.0824
ug1,10/06/2018 06:15,0.0824
ug1,10/06/2018 06:30,0.0824
ug1,10/06/2018 06:45,0.0824
ug1,10/06/2018 07:00,0.0801
ug1,10/06/2018 07:15,0.0801
ug1,10/06/2018 07:30,0.0801
ug1,10/06/2018 07:45,0.0801
ug1,10/06/2018 08:00,0.088
ug1,10/06/2018 08:15,0.088
ug1,10/06/2018 08:30,0.088
ug1,10/06/2018 08:45,0.088
ug1,10/06/2018 09:00,0.09
ug1,10/06/2018 09:15,0.09
ug1,10/06/2018 09:30,0.09
ug1,10/06/2018 09:45,0.09
ug1,10/06/2018 10:00,0.0926
ug1,10/06/2018 10:15,0.0926
ug1,10/06/2018 10:30,0.0926
ug1,10/06/2018 10:45,0.0926
ug1,10/06/2018 11:00,0.0887
ug1,10/06/2018 11:15,0.0887
ug1,10/06/2018 11:30,0.0887
ug1,10/06/2018 11:45,0.0887
ug1,10/06/2018 12:00,0.0906
ug1,10/06/2018 12:15,0.0906
ug1,10/06/2018 12:30,0.0906
ug1,10/06/2018 12:45,0.0906
ug1,10/06/2018 13:00,0.0905
ug1,10/06/2018 13:15,0.0905
ug1,10/06/2018 13:30,0.0905
ug1,10/06/2018 13:45,0.0905
ug1,10/06/2018 14:00,0.086
ug1,10/06/2018 14:15,0.086
ug1,10/06/2018 14:30,0.086
ug1,10/06/2018 14:45,0.086
ug1,10/06/2018 15:00,0.0791
ug1,10/06/2018 15:15,0.0791
ug1,10/06/2018 15:30,0.0791
ug1,10/06/2018 15:45,0.0791
ug1,10/06/2018 16:00,0.0746
ug1,10/06/2018 16:15,0.0746
ug1,10/06/2018 16:30,0.0746
ug1,10/06/2018 16:45,0.0746
ug1,10/06/2018 17:00,0.0655
ug1,10/06/2018 17:15,0.0655
ug1,10/06/2018 17:30,0.0655
ug1,10/06/2018 17:45,0.0655
ug1,10/06/2018 18:00,0.0624
ug1,10/06/2018 18:15,0.0624
ug1,10/06/2018 18:30,0.0624
ug1,10/06/2018 18:45,0.0624
ug1,10/06/2018 19:00,0.0658
ug1,10/06/2018 19:15,0.0658
ug1,10/06/2018 19:30,0.0658
ug1,10/06/2018 19:45,0.0658
ug1,10/06/2018 20:00,0.0727
ug1,10/06/2018 20:15,0.0727
ug1,10/06/2018 20:30,0.0727
ug1,10/06/2018 20:45,0.0727
ug1,10/06/2018 21:00,0.0609
ug1,10/06/2018 21:15,0.0609
ug1,10/06/2018 21:30,0.0609
ug1,10/06/2018 21:45,0.0609
ug1,10/06/2018 22:00,0.0525
ug1,10/06/2018 22:15,0.0525
ug1,10/06/2018 22:30,0.0525
ug1,10/06/2018 22:45,0.0525
ug1,10/06/2018 23:00,0.0449
ug1,10/06/2018 23:15,0.0449
ug1,10/06/2018 23:30,0.0449
ug1,10/06/2018 23:45,0.0449
ug1,11/06/2018 00:00,0.0484
ug1,11/06/2018 00:15,0.0484
ug1,11/06/2018 00:30,0.0484
ug1,11/06/2018 00:45,0.0484
ug1,11/06/2018 01:00,0.0446
ug1,11/06/2018 01:15,0.0446
ug1,11/06/2018 01:30,0.0446
ug1,11/06/2018 01:45,0.0446
ug1,11/06/2018 02:00,0.0437
ug1,11/06/2018 02:15,0.0437
ug1,11/06/2018 02:30,0.0437
ug1,11/06/2018 02:45,0.0437
ug1,11/06/2018 03:00,0.0445
ug1,11/06/2018 03:15,0.0445
ug1,11/06/2018 03:30,0.0445
ug1,11/06/2018 03:45,0.0445
ug1,11/06/2018 04:00,0.0518
ug1,11/06/2018 04:15,0.0518
ug1,11/06/2018 04:30,0.0518
ug1,11/06/2018 04:45,0.0518
ug1,11/06/2018 05:00,0.069
ug1,11/06/2018 05:15,0.069
ug1,11/06/2018 05:30,0.069
ug1,11/06/2018 05:45,0.069
ug1,11/06/2018 06:00,0.0824
ug1,11/06/2018 06:15,0.0824
ug1,11/06/2018 06:30,0.0824
ug1,11/06/2018 06:45,0.0824
ug1,11/06/2018 07:00,0.0801
ug1,11/06/2018 07:15,0.0801
ug1,11/06/2018 07:30,0.0801
ug1,11/06/2018 07:45,0.0801
ug1,11/06/2018 08:00,0.088
ug1,11/06/2018 08:15,0.088
ug1,11/06/2018 08:30,0.088
ug1,11/06/2018 08:45,0.088
ug1,11/06/2018 09:00,0.09
ug1,11/06/2018 09:15,0.09
ug1,11/06/2018 09:30,0.09
ug1,11/06/2018 09:45,0.09
ug1,11/06/2018 10:00,0.0926
ug1,11/06/2018 10:15,0.0926
ug1,11/06/2018 10:30,0.0926
ug1,11/06/2018 10:45,0.0926
ug1,11/06/2018 11:00,0.0887
ug1,11/06/2018 11:15,0.0887
ug1,11/06/2018 11:30,0.0887
ug1,11/06/2018 11:45,0.0887
ug1,11/06/2018 12:00,0.0906
ug1,11/06/2018 12:15,0.0906
ug1,11/06/2018 12:30,0.0906
ug1,11/06/2018 12:45,0.0906
ug1,11/06/2018 13:00,0.0905
ug1,11/06/2018 13:15,0.0905
ug1,11/06/2018 13:30,0.0905
ug1,11/06/2018 13:45,0.0905
ug1,11/06/2018 14:00,0.086
ug1,11/06/2018 14:15,0.086
ug1,11/06/2018 14:30,0.086
ug1,11/06/2018 14:45,0.086
ug1,11/06/2018 15:00,0.0791
ug1,11/06/2018 15:15,0.0791
ug1,11/06/2018 15:30,0.0791
ug1,11/06/2018 15:45,0.0791
ug1,11/06/2018 16:00,0.0746
ug1,11/06/2018 16:15,0.0746
ug1,11/06/2018 16:30,0.0746
ug1,11/06/2018 16:45,0.0746
ug1,11/06/2018 17:00,0.0655
ug1,11/06/2018 17:15,0.0655
ug1,11/06/2018 17:30,0.0655
ug1,11/06/2018 17:45,0.0655
ug1,11/06/2018 18:00,0.0624
ug1,11/06/2018 18:15,0.0624
ug1,11/06/2018 18:30,0.0624
ug1,11/06/2018 18:45,0.0624
ug1,11/06/2018 19:00,0.0658
ug1,11/06/2018 19:15,0.0658
ug1,11/06/2018 19:30,0.0658
ug1,11/06/2018 19:45,0.0658
ug1,11/06/2018 20:00,0.0727
ug1,11/06/2018 20:15,0.0727
ug1,11/06/2018 20:30,0.0727
ug1,11/06/2018 20:45,0.0727
ug1,11/06/2018 21:00,0.0609
ug1,11/06/2018 21:15,0.0609
ug1,11/06/2018 21:30,0.0609
ug1,11/06/2018 21:45,0.0609
ug1,11/06/2018 22:00,0.0525
ug1,11/06/2018 22:15,0.0525
ug1,11/06/2018 22:30,0.0525
ug1,11/06/2018 22:45,0.0525
ug1,11/06/2018 23:00,0.0449
ug1,11/06/2018 23:15,0.0449
ug1,11/06/2018 23:30,0.0449
ug1,11/06/2018 23:45,0.0449
ug1,12/06/2018 00:00,0.0484
ug1,12/06/2018 00:15,0.0484
ug1,12/06/2018 00:30,0.0484
ug1,12/06/2018 00:45,0.0484
ug1,12/06/2018 01:00,0.0446
ug1,12/06/2018 01:15,0.0446
ug1,12/06/2018 01:30,0.0446
ug1,12/06/2018 01:45,0.0446
ug1,12/06/2018 02:00,0.0437
ug1,12/06/2018 02:15,0.0437
ug1,12/06/2018 02:30,0.0437
ug1,12/06/2018 02:45,0.0437
ug1,12/06/2018 03:00,0.0445
ug1,12/06/2018 03:15,0.0445
ug1,12/06/2018 03:30,0.0445
ug1,12/06/2018 03:45,0.0445
ug1,12/06/2018 04:00,0.0518
ug1,12/06/2018 04:15,0.0518
ug1,12/06/2018 04:30,0.0518
ug1,12/06/2018 04:45,0.0518
ug1,12/06/2018 05:00,0.069
ug1,12/06/2018 05:15,0.069
ug1,12/06/2018 05:30,0.069
ug1,12/06/2018 05:45,0.069
ug1,12/06/2018 06:00,0.0824
ug1,12/06/2018 06:15,0.0824
ug1,12/06/2018 06:30,0.0824
ug1,12/06/2018 06:45,0.0824
ug1,12/06/2018 07:00,0.0801
ug1,12/06/2018 07:15,0.0801
ug1,12/06/2018 07:30,0.0801
ug1,12/06/2018 07:45,0.0801
ug1,12/06/2018 08:00,0.088
ug1,12/06/2018 08:15,0.088
ug1,12/06/2018 08:30,0.088
ug1,12/06/2018 08:45,0.088
ug1,12/06/2018 09:00,0.09
ug1,12/06/2018 09:15,0.09
ug1,12/06/2018 09:30,0.09
ug1,12/06/2018 09:45,0.09
ug1,12/06/2018 10:00,0.0926
ug1,12/06/2018 10:15,0.0926
ug1,12/06/2018 10:30,0.0926
ug1,12/06/2018 10:45,0.0926
ug1,12/06/2018 11:00,0.0887
ug1,12/06/2018 11:15,0.0887
ug1,12/06/2018 11:30,0.0887
ug1,12/06/2018 11:45,0.0887
ug1,12/06/2018 12:00,0.0906
ug1,12/06/2018 12:15,0.0906
ug1,12/06/2018 12:30,0.0906
ug1,12/06/2018 12:45,0.0906
ug1,12/06/2018 13:00,0.0905
ug1,12/06/2018 13:15,0.0905
ug1,12/06/2018 13:30,0.0905
ug1,12/06/2018 13:45,0.0905
ug1,12/06/2018 14:00,0.086
ug1,12/06/2018 14:15,0.086
ug1,12/06/2018 14:30,0.086
ug1,12/06/2018 14:45,0.086
ug1,12/06/2018 15:00,0.0791
ug1,12/06/2018 15:15,0.0791
ug1,12/06/2018 15:30,0.0791
ug1,12/06/2018 15:45,0.0791
ug1,12/06/2018 16:00,0.0746
ug1,12/06/2018 16:15,0.0746
ug1,12/06/2018 16:30,0.0746
ug1,12/06/2018 16:45,0.0746
ug1,12/06/2018 17:00,0.0655
ug1,12/06/2018 17:15,0.0655
ug1,12/06/2018 17:30,0.0655
ug1,12/06/2018 17:45,0.0655
ug1,12/06/2018 18:00,0.0624
ug1,12/06/2018 18:15,0.0624
ug1,12/06/2018 18:30,0.0624
ug1,12/06/2018 18:45,0.0624
ug1,12/06/2018 19:00,0.0658
ug1,12/06/2018 19:15,0.0658
ug1,12/06/2018 19:30,0.0658
ug1,12/06/2018 19:45,0.0658
ug1,12/06/2018 20:00,0.0727
ug1,12/06/2018 20:15,0.0727
ug1,12/06/2018 20:30,0.0727
ug1,12/06/2018 20:45,0.0727
ug1,12/06/2018 21:00,0.0609
ug1,12/06/2018 21:15,0.0609
ug1,12/06/2018 21:30,0.0609
ug1,12/06/2018 21:45,0.0609
ug1,12/06/2018 22:00,0.0525
ug1,12/06/2018 22:15,0.0525
ug1,12/06/2018 22:30,0.0525
ug1,12/06/2018 22:45,0.0525
ug1,12/06/2018 23:00,0.0449
ug1,12/06/2018 23:15,0.0449
ug1,12/06/2018 23:30,0.0449
ug1,12/06/2018 23:45,0.0449
ug1,13/06/2018 00:00,0.0484
ug1,13/06/2018 00:15,0.0484
ug1,13/06/2018 00:30,0.0484
ug1,13/06/2018 00:45,0.0484
ug1,13/06/2018 01:00,0.0446
ug1,13/06/2018 01:15,0.0446
ug1,13/06/2018 01:30,0.0446
ug1,13/06/2018 01:45,0.0446
ug1,13/06/2018 02:00,0.0437
ug1,13/06/2018 02:15,0.0437
ug1,13/06/2018 02:30,0.0437
ug1,13/06/2018 02:45,0.0437
ug1,13/06/2018 03:00,0.0445
ug1,13/06/2018 03:15,0.0445
ug1,13/06/2018 03:30,0.0445
ug1,13/06/2018 03:45,0.0445
ug1,13/06/2018 04:00,0.0518
ug1,13/06/2018 04:15,0.0518
ug1,13/06/2018 04:30,0.0518
ug1,13/06/2018 04:45,0.0518
ug1,13/06/2018 05:00,0.069
ug1,13/06/2018 05:15,0.069
ug1,13/06/2018 05:30,0.069
ug1,13/06/2018 05:45,0.069
ug1,13/06/2018 06:00,0.0824
ug1,13/06/2018 06:15,0.0824
ug1,13/06/2018 06:30,0.0824
ug1,13/06/2018 06:45,0.0824
ug1,13/06/2018 07:00,0.0801
ug1,13/06/2018 07:15,0.0801
ug1,13/06/2018 07:30,0.0801
ug1,13/06/2018 07:45,0.0801
ug1,13/06/2018 08:00,0.088
ug1,13/06/2018 08:15,0.088
ug1,13/06/2018 08:30,0.088
ug1,13/06/2018 08:45,0.088
ug1,13/06/2018 09:00,0.09
ug1,13/06/2018 09:15,0.09
ug1,13/06/2018 09:30,0.09
ug1,13/06/2018 09:45,0.09
ug1,13/06/2018 10:00,0.0926
ug1,13/06/2018 10:15,0.0926
ug1,13/06/2018 10:30,0.0926
ug1,13/06/2018 10:45,0.0926
ug1,13/06/2018 11:00,0.0887
ug1,13/06/2018 11:15,0.0887
ug1,13/06/2018 11:30,0.0887
ug1,13/06/2018 11:45,0.0887
ug1,13/06/2018 12:00,0.0906
ug1,13/06/2018 12:15,0.0906
ug1,13/06/2018 12:30,0.0906
ug1,13/06/2018 12:45,0.0906
ug1,13/06/2018 13:00,0.0905
ug1,13/06/2018 13:15,0.0905
ug1,13/06/2018 13:30,0.0905
ug1,13/06/2018 13:45,0.0905
ug1,13/06/2018 14:00,0.086
ug1,13/06/2018 14:15,0.086
ug1,13/06/2018 14:30,0.086
ug1,13/06/2018 14:45,0.086
ug1,13/06/2018 15:00,0.0791
ug1,13/06/2018 15:15,0.0791
ug1,13/06/2018 15:30,0.0791
ug1,13/06/2018 15:45,0.0791
ug1,13/06/2018 16:00,0.0746
ug1,13/06/2018 16:15,0.0746
ug1,13/06/2018 16:30,0.0746
ug1,13/06/2018 16:45,0.0746
ug1,13/06/2018 17:00,0.0655
ug1,13/06/2018 17:15,0.0655
ug1,13/06/2018 17:30,0.0655
ug1,13/06/2018 17:45,0.0655
ug1,13/06/2018 18:00,0.0624
ug1,13/06/2018 18:15,0.0624
ug1,13/06/2018 18:30,0.0624
ug1,13/06/2018 18:45,0.0624
ug1,13/06/2018 19:00,0.0658
ug1,13/06/2018 19:15,0.0658
ug1,13/06/2018 19:30,0.0658
ug1,13/06/2018 19:45,0.0658
ug1,13/06/2018 20:00,0.0727
ug1,13/06/2018 20:15,0.0727
ug1,13/06/2018 20:30,0.0727
ug1,13/06/2018 20:45,0.0727
ug1,13/06/2018 21:00,0.0609
ug1,13/06/2018 21:15,0.0609
ug1,13/06/2018 21:30,0.0609
ug1,13/06/2018 21:45,0.0609
ug1,13/06/2018 22:00,0.0525
ug1,13/06/2018 22:15,0.0525
ug1,13/06/2018 22:30,0.0525
ug1,13/06/2018 22:45,0.0525
ug1,13/06/2018 23:00,0.0449
ug1,13/06/2018 23:15,0.0449
ug1,13/06/2018 23:30,0.0449
ug1,13/06/2018 23:45,0.0449
ug1,14/06/2018 00:00,0.0484
ug1,14/06/2018 00:15,0.0484
ug1,14/06/2018 00:30,0.0484
ug1,14/06/2018 00:45,0.0484
ug1,14/06/2018 01:00,0.0446
ug1,14/06/2018 01:15,0.0446
ug1,14/06/2018 01:30,0.0446
ug1,14/06/2018 01:45,0.0446
ug1,14/06/2018 02:00,0.0437
ug1,14/06/2018 02:15,0.0437
ug1,14/06/2018 02:30,0.0437
ug1,14/06/2018 02:45,0.0437
ug1,14/06/2018 03:00,0.0445
ug1,14/06/2018 03:15,0.0445
ug1,14/06/2018 03:30,0.0445
ug1,14/06/2018 03:45,0.0445
ug1,14/06/2018 04:00,0.0518
ug1,14/06/2018 04:15,0.0518
ug1,14/06/2018 04:30,0.0518
ug1,14/06/2018 04:45,0.0518
ug1,14/06/2018 05:00,0.069
ug1,14/06/2018 05:15,0.069
ug1,14/06/2018 05:30,0.069
ug1,14/06/2018 05:45,0.069
ug1,14/06/2018 06:00,0.0824
ug1,14/06/2018 06:15,0.0824
ug1,14/06/2018 06:30,0.0824
ug1,14/06/2018 06:45,0.0824
ug1,14/06/2018 07:00,0.0801
ug1,14/06/2018 07:15,0.0801
ug1,14/06/2018 07:30,0.0801
ug1,14/06/2018 07:45,0.0801
ug1,14/06/2018 08:00,0.088
ug1,14/06/2018 08:15,0.088
ug1,14/06/2018 08:30,0.088
ug1,14/06/2018 08:45,0.088
ug1,14/06/2018 09:00,0.09
ug1,14/06/2018 09:15,0.09
ug1,14/06/2018 09:30,0.09
ug1,14/06/2018 09:45,0.09
ug1,14/06/2018 10:00,0.0926
ug1,14/06/2018 10:15,0.0926
ug1,14/06/2018 10:30,0.0926
ug1,14/06/2018 10:45,0.0926
ug1,14/06/2018 11:00,0.0887
ug1,14/06/2018 11:15,0.0887
ug1,14/06/2018 11:30,0.0887
ug1,14/06/2018 11:45,0.0887
ug1,14/06/2018 12:00,0.0906
ug1,14/06/2018 12:15,0.0906
ug1,14/06/2018 12:30,0.0906
ug1,14/06/2018 12:45,0.0906
ug1,14/06/2018 13:00,0.0905
ug1,14/06/2018 13:15,0.0905
ug1,14/06/2018 13:30,0.0905
ug1,14/06/2018 13:45,0.0905
ug1,14/06/2018 14:00,0.086
ug1,14/06/2018 14:15,0.086
ug1,14/06/2018 14:30,0.086
ug1,14/06/2018 14:45,0.086
ug1,14/06/2018 15:00,0.0791
ug1,14/06/2018 15:15,0.0791
ug1,14/06/2018 15:30,0.0791
ug1,14/06/2018 15:45,0.0791
ug1,14/06/2018 16:00,0.0746
ug1,14/06/2018 16:15,0.0746
ug1,14/06/2018 16:30,0.0746
ug1,14/06/2018 16:45,0.0746
ug1,14/06/2018 17:00,0.0655
ug1,14/06/2018 17:15,0.0655
ug1,14/06/2018 17:30,0.0655
ug1,14/06/2018 17:45,0.0655
ug1,14/06/2018 18:00,0.0624
ug1,14/06/2018 18:15,0.0624
ug1,14/06/2018 18:30,0.0624
ug1,14/06/2018 18:45,0.0624
ug1,14/06/2018 19:00,0.0658
ug1,14/06/2018 19:15,0.0658
ug1,14/06/2018 19:30,0.0658
ug1,14/06/2018 19:45,0.0658
ug1,14/06/2018 20:00,0.0727
ug1,14/06/2018 20:15,0.0727
ug1,14/06/2018 20:30,0.0727
ug1,14/06/2018 20:45,0.0727
ug1,14/06/2018 21:00,0.0609
ug1,14/06/2018 21:15,0.0609
ug1,14/06/2018 21:30,0.0609
ug1,14/06/2018 21:45,0.0609
ug1,14/06/2018 22:00,0.0525
ug1,14/06/2018 22:15,0.0525
ug1,14/06/2018 22:30,0.0525
ug1,14/06/2018 22:45,0.0525
ug1,14/06/2018 23:00,0.0449
ug1,14/06/2018 23:15,0.0449
ug1,14/06/2018 23:30,0.0449
ug1,14/06/2018 23:45,0.0449
ug1,15/06/2018 00:00,0.0484
ug1,15/06/2018 00:15,0.0484
ug1,15/06/2018 00:30,0.0484
ug1,15/06/2018 00:45,0.0484
ug1,15/06/2018 01:00,0.0446
ug1,15/06/2018 01:15,0.0446
ug1,15/06/2018 01:30,0.0446
ug1,15/06/2018 01:45,0.0446
ug1,15/06/2018 02:00,0.0437
ug1,15/06/2018 02:15,0.0437
ug1,15/06/2018 02:30,0.0437
ug1,15/06/2018 02:45,0.0437
ug1,15/06/2018 03:00,0.0445
ug1,15/06/2018 03:15,0.0445
ug1,15/06/2018 03:30,0.0445
ug1,15/06/2018 03:45,0.0445
ug1,15/06/2018 04:00,0.0518
ug1,15/06/2018 04:15,0.0518
ug1,15/06/2018 04:30,0.0518
ug1,15/06/2018 04:45,0.0518
ug1,15/06/2018 05:00,0.069
ug1,15/06/2018 05:15,0.069
ug1,15/06/2018 05:30,0.069
ug1,15/06/2018 05:45,0.069
ug1,15/06/2018 06:00,0.0824
ug1,15/06/2018 06:15,0.0824
ug1,15/06/2018 06:30,0.0824
ug1,15/06/2018 06:45,0.0824
ug1,15/06/2018 07:00,0.0801
ug1,15/06/2018 07:15,0.0801
ug1,15/06/2018 07:30,0.0801
ug1,15/06/2018 07:45,0.0801
ug1,15/06/2018 08:00,0.088
ug1,15/06/2018 08:15,0.088
ug1,15/06/2018 08:30,0.088
ug1,15/06/2018 08:45,0.088
ug1,15/06/2018 09:00,0.09
ug1,15/06/2018 09:15,0.09
ug1,15/06/2018 09:30,0.09
ug1,15/06/2018 09:45,0.09
ug1,15/06/2018 10:00,0.0926
ug1,15/06/2018 10:15,0.0926
ug1,15/06/2018 10:30,0.0926
ug1,15/06/2018 10:45,0.0926
ug1,15/06/2018 11:00,0.0887
ug1,15/06/2018 11:15,0.0887
ug1,15/06/2018 11:30,0.0887
ug1,15/06/2018 11:45,0.0887
ug1,15/06/2018 12:00,0.0906
ug1,15/06/2018 12:15,0.0906
ug1,15/06/2018 12:30,0.0906
ug1,15/06/2018 12:45,0.0906
ug1,15/06/2018 13:00,0.0905
ug1,15/06/2018 13:15,0.0905
ug1,15/06/2018 13:30,0.0905
ug1,15/06/2018 13:45,0.0905
ug1,15/06/2018 14:00,0.086
ug1,15/06/2018 14:15,0.086
ug1,15/06/2018 14:30,0.086
ug1,15/06/2018 14:45,0.086
ug1,15/06/2018 15:00,0.0791
ug1,15/06/2018 15:15,0.0791
ug1,15/06/2018 15:30,0.0791
ug1,15/06/2018 15:45,0.0791
ug1,15/06/2018 16:00,0.0746
ug1,15/06/2018 16:15,0.0746
ug1,15/06/2018 16:30,0.0746
ug1,15/06/2018 16:45,0.0746
ug1,15/06/2018 17:00,0.0655
ug1,15/06/2018 17:15,0.0655
ug1,15/06/2018 17:30,0.0655
ug1,15/06/2018 17:45,0.0655
ug1,15/06/2018 18:00,0.0624
ug1,15/06/2018 18:15,0.0624
ug1,15/06/2018 18:30,0.0624
ug1,15/06/2018 18:45,0.0624
ug1,15/06/2018 19:00,0.0658
ug1,15/06/2018 19:15,0.0658
ug1,15/06/2018 19:30,0.0658
ug1,15/06/2018 19:45,0.0658
ug1,15/06/2018 20:00,0.0727
ug1,15/06/2018 20:15,0.0727
ug1,15/06/2018 20:30,0.0727
ug1,15/06/2018 20:45,0.0727
ug1,15/06/2018 21:00,0.0609
ug1,15/06/2018 21:15,0.0609
ug1,15/06/2018 21:30,0.0609
ug1,15/06/2018 21:45,0.0609
ug1,15/06/2018 22:00,0.0525
ug1,15/06/2018 22:15,0.0525
ug1,15/06/2018 22:30,0.0525
ug1,15/06/2018 22:45,0.0525
ug1,15/06/2018 23:00,0.0449
ug1,15/06/2018 23:15,0.0449
ug1,15/06/2018 23:30,0.0449
ug1,15/06/2018 23:45,0.0449
ug1,16/06/2018 00:00,0.0484
ug1,16/06/2018 00:15,0.0484
ug1,16/06/2018 00:30,0.0484
ug1,16/06/2018 00:45,0.0484
ug1,16/06/2018 01:00,0.0446
ug1,16/06/2018 01:15,0.0446
ug1,16/06/2018 01:30,0.0446
ug1,16/06/2018 01:45,0.0446
ug1,16/06/2018 02:00,0.0437
ug1,16/06/2018 02:15,0.0437
ug1,16/06/2018 02:30,0.0437
ug1,16/06/2018 02:45,0.0437
ug1,16/06/2018 03:00,0.0445
ug1,16/06/2018 03:15,0.0445
ug1,16/06/2018 03:30,0.0445
ug1,16/06/2018 03:45,0.0445
ug1,16/06/2018 04:00,0.0518
ug1,16/06/2018 04:15,0.0518
ug1,16/06/2018 04:30,0.0518
ug1,16/06/2018 04:45,0.0518
ug1,16/06/2018 05:00,0.069
ug1,16/06/2018 05:15,0.069
ug1,16/06/2018 05:30,0.069
ug1,16/06/2018 05:45,0.069
ug1,16/06/2018 06:00,0.0824
ug1,16/06/2018 06:15,0.0824
ug1,16/06/2018 06:30,0.0824
ug1,16/06/2018 06:45,0.0824
ug1,16/06/2018 07:00,0.0801
ug1,16/06/2018 07:15,0.0801
ug1,16/06/2018 07:30,0.0801
ug1,16/06/2018 07:45,0.0801
ug1,16/06/2018 08:00,0.088
ug1,16/06/2018 08:15,0.088
ug1,16/06/2018 08:30,0.088
ug1,16/06/2018 08:45,0.088
ug1,16/06/2018 09:00,0.09
ug1,16/06/2018 09:15,0.09
ug1,16/06/2018 09:30,0.09
ug1,16/06/2018 09:45,0.09
ug1,16/06/2018 10:00,0.0926
ug1,16/06/2018 10:15,0.0926
ug1,16/06/2018 10:30,0.0926
ug1,16/06/2018 10:45,0.0926
ug1,16/06/2018 11:00,0.0887
ug1,16/06/2018 11:15,0.0887
ug1,16/06/2018 11:30,0.0887
ug1,16/06/2018 11:45,0.0887
ug1,16/06/2018 12:00,0.0906
ug1,16/06/2018 12:15,0.0906
ug1,16/06/2018 12:30,0.0906
ug1,16/06/2018 12:45,0.0906
ug1,16/06/2018 13:00,0.0905
ug1,16/06/2018 13:15,0.0905
ug1,16/06/2018 13:30,0.0905
ug1,16/06/2018 13:45,0.0905
ug1,16/06/2018 14:00,0.086
ug1,16/06/2018 14:15,0.086
ug1,16/06/2018 14:30,0.086
ug1,16/06/2018 14:45,0.086
ug1,16/06/2018 15:00,0.0791
ug1,16/06/2018 15:15,0.0791
ug1,16/06/2018 15:30,0.0791
ug1,16/06/2018 15:45,0.0791
ug1,16/06/2018 16:00,0.0746
ug1,16/06/2018 16:15,0.0746
ug1,16/06/2018 16:30,0.0746
ug1,16/06/2018 16:45,0.0746
ug1,16/06/2018 17:00,0.0655
ug1,16/06/2018 17:15,0.0655
ug1,16/06/2018 17:30,0.0655
ug1,16/06/2018 17:45,0.0655
ug1,16/06/2018 18:00,0.0624
ug1,16/06/2018 18:15,0.0624
ug1,16/06/2018 18:30,0.0624
ug1,16/06/2018 18:45,0.0624
ug1,16/06/2018 19:00,0.0658
ug1,16/06/2018 19:15,0.0658
ug1,16/06/2018 19:30,0.0658
ug1,16/06/2018 19:45,0.0658
ug1,16/06/2018 20:00,0.0727
ug1,16/06/2018 20:15,0.0727
ug1,16/06/2018 20:30,0.0727
ug1,16/06/2018 20:45,0.0727
ug1,16/06/2018 21:00,0.0609
ug1,16/06/2018 21:15,0.0609
ug1,16/06/2018 21:30,0.0609
ug1,16/06/2018 21:45,0.0609
ug1,16/06/2018 22:00,0.0525
ug1,16/06/2018 22:15,0.0525
ug1,16/06/2018 22:30,0.0525
ug1,16/06/2018 22:45,0.0525
ug1,16/06/2018 23:00,0.0449
ug1,16/06/2018 23:15,0.0449
ug1,16/06/2018 23:30,0.0449
ug1,16/06/2018 23:45,0.0449
ug1,17/06/2018 00:00,0.0484
ug1,17/06/2018 00:15,0.0484
ug1,17/06/2018 00:30,0.0484
ug1,17/06/2018 00:45,0.0484
ug1,17/06/2018 01:00,0.0446
ug1,17/06/2018 01:15,0.0446
ug1,17/06/2018 01:30,0.0446
ug1,17/06/2018 01:45,0.0446
ug1,17/06/2018 02:00,0.0437
ug1,17/06/2018 02:15,0.0437
ug1,17/06/2018 02:30,0.0437
ug1,17/06/2018 02:45,0.0437
ug1,17/06/2018 03:00,0.0445
ug1,17/06/2018 03:15,0.0445
ug1,17/06/2018 03:30,0.0445
ug1,17/06/2018 03:45,0.0445
ug1,17/06/2018 04:00,0.0518
ug1,17/06/2018 04:15,0.0518
ug1,17/06/2018 04:30,0.0518
ug1,17/06/2018 04:45,0.0518
ug1,17/06/2018 05:00,0.069
ug1,17/06/2018 05:15,0.069
ug1,17/06/2018 05:30,0.069
ug1,17/06/2018 05:45,0.069
ug1,17/06/2018 06:00,0.0824
ug1,17/06/2018 06:15,0.0824
ug1,17/06/2018 06:30,0.0824
ug1,17/06/2018 06:45,0.0824
ug1,17/06/2018 07:00,0.0801
ug1,17/06/2018 07:15,0.0801
ug1,17/06/2018 07:30,0.0801
ug1,17/06/2018 07:45,0.0801
ug1,17/06/2018 08:00,0.088
ug1,17/06/2018 08:15,0.088
ug1,17/06/2018 08:30,0.088
ug1,17/06/2018 08:45,0.088
ug1,17/06/2018 09:00,0.09
ug1,17/06/2018 09:15,0.09
ug1,17/06/2018 09:30,0.09
ug1,17/06/2018 09:45,0.09
ug1,17/06/2018 10:00,0.0926
ug1,17/06/2018 10:15,0.0926
ug1,17/06/2018 10:30,0.0926
ug1,17/06/2018 10:45,0.0926
ug1,17/06/2018 11:00,0.0887
ug1,17/06/2018 11:15,0.0887
ug1,17/06/2018 11:30,0.0887
ug1,17/06/2018 11:45,0.0887
ug1,17/06/2018 12:00,0.0906
ug1,17/06/2018 12:15,0.0906
ug1,17/06/2018 12:30,0.0906
ug1,17/06/2018 12:45,0.0906
ug1,17/06/2018 13:00,0.0905
ug1,17/06/2018 13:15,0.0905
ug1,17/06/2018 13:30,0.0905
ug1,17/06/2018 13:45,0.0905
ug1,17/06/2018 14:00,0.086
ug1,17/06/2018 14:15,0.086
ug1,17/06/2018 14:30,0.086
ug1,17/06/2018 14:45,0.086
ug1,17/06/2018 15:00,0.0791
ug1,17/06/2018 15:15,0.0791
ug1,17/06/2018 15:30,0.0791
ug1,17/06/2018 15:45,0.0791
ug1,17/06/2018 16:00,0.0746
ug1,17/06/2018 16:15,0.0746
ug1,17/06/2018 16:30,0.0746
ug1,17/06/2018 16:45,0.0746
ug1,17/06/2018 17:00,0.0655
ug1,17/06/2018 17:15,0.0655
ug1,17/06/2018 17:30,0.0655
ug1,17/06/2018 17:45,0.0655
ug1,17/06/2018 18:00,0.0624
ug1,17/06/2018 18:15,0.0624
ug1,17/06/2018 18:30,0.0624
ug1,17/06/2018 18:45,0.0624
ug1,17/06/2018 19:00,0.0658
ug1,17/06/2018 19:15,0.0658
ug1,17/06/2018 19:30,0.0658
ug1,17/06/2018 19:45,0.0658
ug1,17/06/2018 20:00,0.0727
ug1,17/06/2018 20:15,0.0727
ug1,17/06/2018 20:30,0.0727
ug1,17/06/2018 20:45,0.0727
ug1,17/06/2018 21:00,0.0609
ug1,17/06/2018 21:15,0.0609
ug1,17/06/2018 21:30,0.0609
ug1,17/06/2018 21:45,0.0609
ug1,17/06/2018 22:00,0.0525
ug1,17/06/2018 22:15,0.0525
ug1,17/06/2018 22:30,0.0525
ug1,17/06/2018 22:45,0.0525
ug1,17/06/2018 23:00,0.0449
ug1,17/06/2018 23:15,0.0449
ug1,17/06/2018 23:30,0.0449
ug1,17/06/2018 23:45,0.0449
ug1,18/06/2018 00:00,0.0484
ug1,18/06/2018 00:15,0.0484
ug1,18/06/2018 00:30,0.0484
ug1,18/06/2018 00:45,0.0484
ug1,18/06/2018 01:00,0.0446
ug1,18/06/2018 01:15,0.0446
ug1,18/06/2018 01:30,0.0446
ug1,18/06/2018 01:45,0.0446
ug1,18/06/2018 02:00,0.0437
ug1,18/06/2018 02:15,0.0437
ug1,18/06/2018 02:30,0.0437
ug1,18/06/2018 02:45,0.0437
ug1,18/06/2018 03:00,0.0445
ug1,18/06/2018 03:15,0.0445
ug1,18/06/2018 03:30,0.0445
ug1,18/06/2018 03:45,0.0445
ug1,18/06/2018 04:00,0.0518
ug1,18/06/2018 04:15,0.0518
ug1,18/06/2018 04:30,0.0518
ug1,18/06/2018 04:45,0.0518
ug1,18/06/2018 05:00,0.069
ug1,18/06/2018 05:15,0.069
ug1,18/06/2018 05:30,0.069
ug1,18/06/2018 05:45,0.069
ug1,18/06/2018 06:00,0.0824
ug1,18/06/2018 06:15,0.0824
ug1,18/06/2018 06:30,0.0824
ug1,18/06/2018 06:45,0.0824
ug1,18/06/2018 07:00,0.0801
ug1,18/06/2018 07:15,0.0801
ug1,18/06/2018 07:30,0.0801
ug1,18/06/2018 07:45,0.0801
ug1,18/06/2018 08:00,0.088
ug1,18/06/2018 08:15,0.088
ug1,18/06/2018 08:30,0.088
ug1,18/06/2018 08:45,0.088
ug1,18/06/2018 09:00,0.09
ug1,18/06/2018 09:15,0.09
ug1,18/06/2018 09:30,0.09
ug1,18/06/2018 09:45,0.09
ug1,18/06/2018 10:00,0.0926
ug1,18/06/2018 10:15,0.0926
ug1,18/06/2018 10:30,0.0926
ug1,18/06/2018 10:45,0.0926
ug1,18/06/2018 11:00,0.0887
ug1,18/06/2018 11:15,0.0887
ug1,18/06/2018 11:30,0.0887
ug1,18/06/2018 11:45,0.0887
ug1,18/06/2018 12:00,0.0906
ug1,18/06/2018 12:15,0.0906
ug1,18/06/2018 12:30,0.0906
ug1,18/06/2018 12:45,0.0906
ug1,18/06/2018 13:00,0.0905
ug1,18/06/2018 13:15,0.0905
ug1,18/06/2018 13:30,0.0905
ug1,18/06/2018 13:45,0.0905
ug1,18/06/2018 14:00,0.086
ug1,18/06/2018 14:15,0.086
ug1,18/06/2018 14:30,0.086
ug1,18/06/2018 14:45,0.086
ug1,18/06/2018 15:00,0.0791
ug1,18/06/2018 15:15,0.0791
ug1,18/06/2018 15:30,0.0791
ug1,18/06/2018 15:45,0.0791
ug1,18/06/2018 16:00,0.0746
ug1,18/06/2018 16:15,0.0746
ug1,18/06/2018 16:30,0.0746
ug1,18/06/2018 16:45,0.0746
ug1,18/06/2018 17:00,0.0655
ug1,18/06/2018 17:15,0.0655
ug1,18/06/2018 17:30,0.0655
ug1,18/06/2018 17:45,0.0655
ug1,18/06/2018 18:00,0.0624
ug1,18/06/2018 18:15,0.0624
ug1,18/06/2018 18:30,0.0624
ug1,18/06/2018 18:45,0.0624
ug1,18/06/2018 19:00,0.0658
ug1,18/06/2018 19:15,0.0658
ug1,18/06/2018 19:30,0.0658
ug1,18/06/2018 19:45,0.0658
ug1,18/06/2018 20:00,0.0727
ug1,18/06/2018 20:15,0.0727
ug1,18/06/2018 20:30,0.0727
ug1,18/06/2018 20:45,0.0727
ug1,18/06/2018 21:00,0.0609
ug1,18/06/2018 21:15,0.0609
ug1,18/06/2018 21:30,0.0609
ug1,18/06/2018 21:45,0.0609
ug1,18/06/2018 22:00,0.0525
ug1,18/06/2018 22:15,0.0525
ug1,18/06/2018 22:30,0.0525
ug1,18/06/2018 22:45,0.0525
ug1,18/06/2018 23:00,0.0449
ug1,18/06/2018 23:15,0.0449
ug1,18/06/2018 23:30,0.0449
ug1,18/06/2018 23:45,0.0449
ug1,19/06/2018 00:00,0.0484
ug1,19/06/2018 00:15,0.0484
ug1,19/06/2018 00:30,0.0484
ug1,19/06/2018 00:45,0.0484
ug1,19/06/2018 01:00,0.0446
ug1,19/06/2018 01:15,0.0446
ug1,19/06/2018 01:30,0.0446
ug1,19/06/2018 01:45,0.0446
ug1,19/06/2018 02:00,0.0437
ug1,19/06/2018 02:15,0.0437
ug1,19/06/2018 02:30,0.0437
ug1,19/06/2018 02:45,0.0437
ug1,19/06/2018 03:00,0.0445
ug1,19/06/2018 03:15,0.0445
ug1,19/06/2018 03:30,0.0445
ug1,19/06/2018 03:45,0.0445
ug1,19/06/2018 04:00,0.0518
ug1,19/06/2018 04:15,0.0518
ug1,19/06/2018 04:30,0.0518
ug1,19/06/2018 04:45,0.0518
ug1,19/06/2018 05:00,0.069
ug1,19/06/2018 05:15,0.069
ug1,19/06/2018 05:30,0.069
ug1,19/06/2018 05:45,0.069
ug1,19/06/2018 06:00,0.0824
ug1,19/06/2018 06:15,0.0824
ug1,19/06/2018 06:30,0.0824
ug1,19/06/2018 06:45,0.0824
ug1,19/06/2018 07:00,0.0801
ug1,19/06/2018 07:15,0.0801
ug1,19/06/2018 07:30,0.0801
ug1,19/06/2018 07:45,0.0801
ug1,19/06/2018 08:00,0.088
ug1,19/06/2018 08:15,0.088
ug1,19/06/2018 08:30,0.088
ug1,19/06/2018 08:45,0.088
ug1,19/06/2018 09:00,0.09
ug1,19/06/2018 09:15,0.09
ug1,19/06/2018 09:30,0.09
ug1,19/06/2018 09:45,0.09
ug1,19/06/2018 10:00,0.0926
ug1,19/06/2018 10:15,0.0926
ug1,19/06/2018 10:30,0.0926
ug1,19/06/2018 10:45,0.0926
ug1,19/06/2018 11:00,0.0887
ug1,19/06/2018 11:15,0.0887
ug1,19/06/2018 11:30,0.0887
ug1,19/06/2018 11:45,0.0887
ug1,19/06/2018 12:00,0.0906
ug1,19/06/2018 12:15,0.0906
ug1,19/06/2018 12:30,0.0906
ug1,19/06/2018 12:45,0.0906
ug1,19/06/2018 13:00,0.0905
ug1,19/06/2018 13:15,0.0905
ug1,19/06/2018 13:30,0.0905
ug1,19/06/2018 13:45,0.0905
ug1,19/06/2018 14:00,0.086
ug1,19/06/2018 14:15,0.086
ug1,19/06/2018 14:30,0.086
ug1,19/06/2018 14:45,0.086
ug1,19/06/2018 15:00,0.0791
ug1,19/06/2018 15:15,0.0791
ug1,19/06/2018 15:30,0.0791
ug1,19/06/2018 15:45,0.0791
ug1,19/06/2018 16:00,0.0746
ug1,19/06/2018 16:15,0.0746
ug1,19/06/2018 16:30,0.0746
ug1,19/06/2018 16:45,0.0746
ug1,19/06/2018 17:00,0.0655
ug1,19/06/2018 17:15,0.0655
ug1,19/06/2018 17:30,0.0655
ug1,19/06/2018 17:45,0.0655
ug1,19/06/2018 18:00,0.0624
ug1,19/06/2018 18:15,0.0624
ug1,19/06/2018 18:30,0.0624
ug1,19/06/2018 18:45,0.0624
ug1,19/06/2018 19:00,0.0658
ug1,19/06/2018 19:15,0.0658
ug1,19/06/2018 19:30,0.0658
ug1,19/06/2018 19:45,0.0658
ug1,19/06/2018 20:00,0.0727
ug1,19/06/2018 20:15,0.0727
ug1,19/06/2018 20:30,0.0727
ug1,19/06/2018 20:45,0.0727
ug1,19/06/2018 21:00,0.0609
ug1,19/06/2018 21:15,0.0609
ug1,19/06/2018 21:30,0.0609
ug1,19/06/2018 21:45,0.0609
ug1,19/06/2018 22:00,0.0525
ug1,19/06/2018 22:15,0.0525
ug1,19/06/2018 22:30,0.0525
ug1,19/06/2018 22:45,0.0525
ug1,19/06/2018 23:00,0.0449
ug1,19/06/2018 23:15,0.0449
ug1,19/06/2018 23:30,0.0449
ug1,19/06/2018 23:45,0.0449
ug1,20/06/2018 00:00,0.0484
ug1,20/06/2018 00:15,0.0484
ug1,20/06/2018 00:30,0.0484
ug1,20/06/2018 00:45,0.0484
ug1,20/06/2018 01:00,0.0446
ug1,20/06/2018 01:15,0.0446
ug1,20/06/2018 01:30,0.0446
ug1,20/06/2018 01:45,0.0446
ug1,20/06/2018 02:00,0.0437
ug1,20/06/2018 02:15,0.0437
ug1,20/06/2018 02:30,0.0437
ug1,20/06/2018 02:45,0.0437
ug1,20/06/2018 03:00,0.0445
ug1,20/06/2018 03:15,0.0445
ug1,20/06/2018 03:30,0.0445
ug1,20/06/2018 03:45,0.0445
ug1,20/06/2018 04:00,0.0518
ug1,20/06/2018 04:15,0.0518
ug1,20/06/2018 04:30,0.0518
ug1,20/06/2018 04:45,0.0518
ug1,20/06/2018 05:00,0.069
ug1,20/06/2018 05:15,0.069
ug1,20/06/2018 05:30,0.069
ug1,20/06/2018 05:45,0.069
ug1,20/06/2018 06:00,0.0824
ug1,20/06/2018 06:15,0.0824
ug1,20/06/2018 06:30,0.0824
ug1,20/06/2018 06:45,0.0824
ug1,20/06/2018 07:00,0.0801
ug1,20/06/2018 07:15,0.0801
ug1,20/06/2018 07:30,0.0801
ug1,20/06/2018 07:45,0.0801
ug1,20/06/2018 08:00,0.088
ug1,20/06/2018 08:15,0.088
ug1,20/06/2018 08:30,0.088
ug1,20/06/2018 08:45,0.088
ug1,20/06/2018 09:00,0.09
ug1,20/06/2018 09:15,0.09
ug1,20/06/2018 09:30,0.09
ug1,20/06/2018 09:45,0.09
ug1,20/06/2018 10:00,0.0926
ug1,20/06/2018 10:15,0.0926
ug1,20/06/2018 10:30,0.0926
ug1,20/06/2018 10:45,0.0926
ug1,20/06/2018 11:00,0.0887
ug1,20/06/2018 11:15,0.0887
ug1,20/06/2018 11:30,0.0887
ug1,20/06/2018 11:45,0.0887
ug1,20/06/2018 12:00,0.0906
ug1,20/06/2018 12:15,0.0906
ug1,20/06/2018 12:30,0.0906
ug1,20/06/2018 12:45,0.0906
ug1,20/06/2018 13:00,0.0905
ug1,20/06/2018 13:15,0.0905
ug1,20/06/2018 13:30,0.0905
ug1,20/06/2018 13:45,0.0905
ug1,20/06/2018 14:00,0.086
ug1,20/06/2018 14:15,0.086
ug1,20/06/2018 14:30,0.086
ug1,20/06/2018 14:45,0.086
ug1,20/06/2018 15:00,0.0791
ug1,20/06/2018 15:15,0.0791
ug1,20/06/2018 15:30,0.0791
ug1,20/06/2018 15:45,0.0791
ug1,20/06/2018 16:00,0.0746
ug1,20/06/2018 16:15,0.0746
ug1,20/06/2018 16:30,0.0746
ug1,20/06/2018 16:45,0.0746
ug1,20/06/2018 17:00,0.0655
ug1,20/06/2018 17:15,0.0655
ug1,20/06/2018 17:30,0.0655
ug1,20/06/2018 17:45,0.0655
ug1,20/06/2018 18:00,0.0624
ug1,20/06/2018 18:15,0.0624
ug1,20/06/2018 18:30,0.0624
ug1,20/06/2018 18:45,0.0624
ug1,20/06/2018 19:00,0.0658
ug1,20/06/2018 19:15,0.0658
ug1,20/06/2018 19:30,0.0658
ug1,20/06/2018 19:45,0.0658
ug1,20/06/2018 20:00,0.0727
ug1,20/06/2018 20:15,0.0727
ug1,20/06/2018 20:30,0.0727
ug1,20/06/2018 20:45,0.0727
ug1,20/06/2018 21:00,0.0609
ug1,20/06/2018 21:15,0.0609
ug1,20/06/2018 21:30,0.0609
ug1,20/06/2018 21:45,0.0609
ug1,20/06/2018 22:00,0.0525
ug1,20/06/2018 22:15,0.0525
ug1,20/06/2018 22:30,0.0525
ug1,20/06/2018 22:45,0.0525
ug1,20/06/2018 23:00,0.0449
ug1,20/06/2018 23:15,0.0449
ug1,20/06/2018 23:30,0.0449
ug1,20/06/2018 23:45,0.0449
ug1,21/06/2018 00:00,0.0484
ug1,21/06/2018 00:15,0.0484
ug1,21/06/2018 00:30,0.0484
ug1,21/06/2018 00:45,0.0484
ug1,21/06/2018 01:00,0.0446
ug1,21/06/2018 01:15,0.0446
ug1,21/06/2018 01:30,0.0446
ug1,21/06/2018 01:45,0.0446
ug1,21/06/2018 02:00,0.0437
ug1,21/06/2018 02:15,0.0437
ug1,21/06/2018 02:30,0.0437
ug1,21/06/2018 02:45,0.0437
ug1,21/06/2018 03:00,0.0445
ug1,21/06/2018 03:15,0.0445
ug1,21/06/2018 03:30,0.0445
ug1,21/06/2018 03:45,0.0445
ug1,21/06/2018 04:00,0.0518
ug1,21/06/2018 04:15,0.0518
ug1,21/06/2018 04:30,0.0518
ug1,21/06/2018 04:45,0.0518
ug1,21/06/2018 05:00,0.069
ug1,21/06/2018 05:15,0.069
ug1,21/06/2018 05:30,0.069
ug1,21/06/2018 05:45,0.069
ug1,21/06/2018 06:00,0.0824
ug1,21/06/2018 06:15,0.0824
ug1,21/06/2018 06:30,0.0824
ug1,21/06/2018 06:45,0.0824
ug1,21/06/2018 07:00,0.0801
ug1,21/06/2018 07:15,0.0801
ug1,21/06/2018 07:30,0.0801
ug1,21/06/2018 07:45,0.0801
ug1,21/06/2018 08:00,0.088
ug1,21/06/2018 08:15,0.088
ug1,21/06/2018 08:30,0.088
ug1,21/06/2018 08:45,0.088
ug1,21/06/2018 09:00,0.09
ug1,21/06/2018 09:15,0.09
ug1,21/06/2018 09:30,0.09
ug1,21/06/2018 09:45,0.09
ug1,21/06/2018 10:00,0.0926
ug1,21/06/2018 10:15,0.0926
ug1,21/06/2018 10:30,0.0926
ug1,21/06/2018 10:45,0.0926
ug1,21/06/2018 11:00,0.0887
ug1,21/06/2018 11:15,0.0887
ug1,21/06/2018 11:30,0.0887
ug1,21/06/2018 11:45,0.0887
ug1,21/06/2018 12:00,0.0906
ug1,21/06/2018 12:15,0.0906
ug1,21/06/2018 12:30,0.0906
ug1,21/06/2018 12:45,0.0906
ug1,21/06/2018 13:00,0.0905
ug1,21/06/2018 13:15,0.0905
ug1,21/06/2018 13:30,0.0905
ug1,21/06/2018 13:45,0.0905
ug1,21/06/2018 14:00,0.086
ug1,21/06/2018 14:15,0.086
ug1,21/06/2018 14:30,0.086
ug1,21/06/2018 14:45,0.086
ug1,21/06/2018 15:00,0.0791
ug1,21/06/2018 15:15,0.0791
ug1,21/06/2018 15:30,0.0791
ug1,21/06/2018 15:45,0.0791
ug1,21/06/2018 16:00,0.0746
ug1,21/06/2018 16:15,0.0746
ug1,21/06/2018 16:30,0.0746
ug1,21/06/2018 16:45,0.0746
ug1,21/06/2018 17:00,0.0655
ug1,21/06/2018 17:15,0.0655
ug1,21/06/2018 17:30,0.0655
ug1,21/06/2018 17:45,0.0655
ug1,21/06/2018 18:00,0.0624
ug1,21/06/2018 18:15,0.0624
ug1,21/06/2018 18:30,0.0624
ug1,21/06/2018 18:45,0.0624
ug1,21/06/2018 19:00,0.0658
ug1,21/06/2018 19:15,0.0658
ug1,21/06/2018 19:30,0.0658
ug1,21/06/2018 19:45,0.0658
ug1,21/06/2018 20:00,0.0727
ug1,21/06/2018 20:15,0.0727
ug1,21/06/2018 20:30,0.0727
ug1,21/06/2018 20:45,0.0727
ug1,21/06/2018 21:00,0.0609
ug1,21/06/2018 21:15,0.0609
ug1,21/06/2018 21:30,0.0609
ug1,21/06/2018 21:45,0.0609
ug1,21/06/2018 22:00,0.0525
ug1,21/06/2018 22:15,0.0525
ug1,21/06/2018 22:30,0.0525
ug1,21/06/2018 22:45,0.0525
ug1,21/06/2018 23:00,0.0449
ug1,21/06/2018 23:15,0.0449
ug1,21/06/2018 23:30,0.0449
ug1,21/06/2018 23:45,0.0449
ug1,22/06/2018 00:00,0.0484
ug1,22/06/2018 00:15,0.0484
ug1,22/06/2018 00:30,0.0484
ug1,22/06/2018 00:45,0.0484
ug1,22/06/2018 01:00,0.0446
ug1,22/06/2018 01:15,0.0446
ug1,22/06/2018 01:30,0.0446
ug1,22/06/2018 01:45,0.0446
ug1,22/06/2018 02:00,0.0437
ug1,22/06/2018 02:15,0.0437
ug1,22/06/2018 02:30,0.0437
ug1,22/06/2018 02:45,0.0437
ug1,22/06/2018 03:00,0.0445
ug1,22/06/2018 03:15,0.0445
ug1,22/06/2018 03:30,0.0445
ug1,22/06/2018 03:45,0.0445
ug1,22/06/2018 04:00,0.0518
ug1,22/06/2018 04:15,0.0518
ug1,22/06/2018 04:30,0.0518
ug1,22/06/2018 04:45,0.0518
ug1,22/06/2018 05:00,0.069
ug1,22/06/2018 05:15,0.069
ug1,22/06/2018 05:30,0.069
ug1,22/06/2018 05:45,0.069
ug1,22/06/2018 06:00,0.0824
ug1,22/06/2018 06:15,0.0824
ug1,22/06/2018 06:30,0.0824
ug1,22/06/2018 06:45,0.0824
ug1,22/06/2018 07:00,0.0801
ug1,22/06/2018 07:15,0.0801
ug1,22/06/2018 07:30,0.0801
ug1,22/06/2018 07:45,0.0801
ug1,22/06/2018 08:00,0.088
ug1,22/06/2018 08:15,0.088
ug1,22/06/2018 08:30,0.088
ug1,22/06/2018 08:45,0.088
ug1,22/06/2018 09:00,0.09
ug1,22/06/2018 09:15,0.09
ug1,22/06/2018 09:30,0.09
ug1,22/06/2018 09:45,0.09
ug1,22/06/2018 10:00,0.0926
ug1,22/06/2018 10:15,0.0926
ug1,22/06/2018 10:30,0.0926
ug1,22/06/2018 10:45,0.0926
ug1,22/06/2018 11:00,0.0887
ug1,22/06/2018 11:15,0.0887
ug1,22/06/2018 11:30,0.0887
ug1,22/06/2018 11:45,0.0887
ug1,22/06/2018 12:00,0.0906
ug1,22/06/2018 12:15,0.0906
ug1,22/06/2018 12:30,0.0906
ug1,22/06/2018 12:45,0.0906
ug1,22/06/2018 13:00,0.0905
ug1,22/06/2018 13:15,0.0905
ug1,22/06/2018 13:30,0.0905
ug1,22/06/2018 13:45,0.0905
ug1,22/06/2018 14:00,0.086
ug1,22/06/2018 14:15,0.086
ug1,22/06/2018 14:30,0.086
ug1,22/06/2018 14:45,0.086
ug1,22/06/2018 15:00,0.0791
ug1,22/06/2018 15:15,0.0791
ug1,22/06/2018 15:30,0.0791
ug1,22/06/2018 15:45,0.0791
ug1,22/06/2018 16:00,0.0746
ug1,22/06/2018 16:15,0.0746
ug1,22/06/2018 16:30,0.0746
ug1,22/06/2018 16:45,0.0746
ug1,22/06/2018 17:00,0.0655
ug1,22/06/2018 17:15,0.0655
ug1,22/06/2018 17:30,0.0655
ug1,22/06/2018 17:45,0.0655
ug1,22/06/2018 18:00,0.0624
ug1,22/06/2018 18:15,0.0624
ug1,22/06/2018 18:30,0.0624
ug1,22/06/2018 18:45,0.0624
ug1,22/06/2018 19:00,0.0658
ug1,22/06/2018 19:15,0.0658
ug1,22/06/2018 19:30,0.0658
ug1,22/06/2018 19:45,0.0658
ug1,22/06/2018 20:00,0.0727
ug1,22/06/2018 20:15,0.0727
ug1,22/06/2018 20:30,0.0727
ug1,22/06/2018 20:45,0.0727
ug1,22/06/2018 21:00,0.0609
ug1,22/06/2018 21:15,0.0609
ug1,22/06/2018 21:30,0.0609
ug1,22/06/2018 21:45,0.0609
ug1,22/06/2018 22:00,0.0525
ug1,22/06/2018 22:15,0.0525
ug1,22/06/2018 22:30,0.0525
ug1,22/06/2018 22:45,0.0525
ug1,22/06/2018 23:00,0.0449
ug1,22/06/2018 23:15,0.0449
ug1,22/06/2018 23:30,0.0449
ug1,22/06/2018 23:45,0.0449
ug1,23/06/2018 00:00,0.0484
ug1,23/06/2018 00:15,0.0484
ug1,23/06/2018 00:30,0.0484
ug1,23/06/2018 00:45,0.0484
ug1,23/06/2018 01:00,0.0446
ug1,23/06/2018 01:15,0.0446
ug1,23/06/2018 01:30,0.0446
ug1,23/06/2018 01:45,0.0446
ug1,23/06/2018 02:00,0.0437
ug1,23/06/2018 02:15,0.0437
ug1,23/06/2018 02:30,0.0437
ug1,23/06/2018 02:45,0.0437
ug1,23/06/2018 03:00,0.0445
ug1,23/06/2018 03:15,0.0445
ug1,23/06/2018 03:30,0.0445
ug1,23/06/2018 03:45,0.0445
ug1,23/06/2018 04:00,0.0518
ug1,23/06/2018 04:15,0.0518
ug1,23/06/2018 04:30,0.0518
ug1,23/06/2018 04:45,0.0518
ug1,23/06/2018 05:00,0.069
ug1,23/06/2018 05:15,0.069
ug1,23/06/2018 05:30,0.069
ug1,23/06/2018 05:45,0.069
ug1,23/06/2018 06:00,0.0824
ug1,23/06/2018 06:15,0.0824
ug1,23/06/2018 06:30,0.0824
ug1,23/06/2018 06:45,0.0824
ug1,23/06/2018 07:00,0.0801
ug1,23/06/2018 07:15,0.0801
ug1,23/06/2018 07:30,0.0801
ug1,23/06/2018 07:45,0.0801
ug1,23/06/2018 08:00,0.088
ug1,23/06/2018 08:15,0.088
ug1,23/06/2018 08:30,0.088
ug1,23/06/2018 08:45,0.088
ug1,23/06/2018 09:00,0.09
ug1,23/06/2018 09:15,0.09
ug1,23/06/2018 09:30,0.09
ug1,23/06/2018 09:45,0.09
ug1,23/06/2018 10:00,0.0926
ug1,23/06/2018 10:15,0.0926
ug1,23/06/2018 10:30,0.0926
ug1,23/06/2018 10:45,0.0926
ug1,23/06/2018 11:00,0.0887
ug1,23/06/2018 11:15,0.0887
ug1,23/06/2018 11:30,0.0887
ug1,23/06/2018 11:45,0.0887
ug1,23/06/2018 12:00,0.0906
ug1,23/06/2018 12:15,0.0906
ug1,23/06/2018 12:30,0.0906
ug1,23/06/2018 12:45,0.0906
ug1,23/06/2018 13:00,0.0905
ug1,23/06/2018 13:15,0.0905
ug1,23/06/2018 13:30,0.0905
ug1,23/06/2018 13:45,0.0905
ug1,23/06/2018 14:00,0.086
ug1,23/06/2018 14:15,0.086
ug1,23/06/2018 14:30,0.086
ug1,23/06/2018 14:45,0.086
ug1,23/06/2018 15:00,0.0791
ug1,23/06/2018 15:15,0.0791
ug1,23/06/2018 15:30,0.0791
ug1,23/06/2018 15:45,0.0791
ug1,23/06/2018 16:00,0.0746
ug1,23/06/2018 16:15,0.0746
ug1,23/06/2018 16:30,0.0746
ug1,23/06/2018 16:45,0.0746
ug1,23/06/2018 17:00,0.0655
ug1,23/06/2018 17:15,0.0655
ug1,23/06/2018 17:30,0.0655
ug1,23/06/2018 17:45,0.0655
ug1,23/06/2018 18:00,0.0624
ug1,23/06/2018 18:15,0.0624
ug1,23/06/2018 18:30,0.0624
ug1,23/06/2018 18:45,0.0624
ug1,23/06/2018 19:00,0.0658
ug1,23/06/2018 19:15,0.0658
ug1,23/06/2018 19:30,0.0658
ug1,23/06/2018 19:45,0.0658
ug1,23/06/2018 20:00,0.0727
ug1,23/06/2018 20:15,0.0727
ug1,23/06/2018 20:30,0.0727
ug1,23/06/2018 20:45,0.0727
ug1,23/06/2018 21:00,0.0609
ug1,23/06/2018 21:15,0.0609
ug1,23/06/2018 21:30,0.0609
ug1,23/06/2018 21:45,0.0609
ug1,23/06/2018 22:00,0.0525
ug1,23/06/2018 22:15,0.0525
ug1,23/06/2018 22:30,0.0525
ug1,23/06/2018 22:45,0.0525
ug1,23/06/2018 23:00,0.0449
ug1,23/06/2018 23:15,0.0449
ug1,23/06/2018 23:30,0.0449
ug1,23/06/2018 23:45,0.0449
ug1,24/06/2018 00:00,0.0484
ug1,24/06/2018 00:15,0.0484
ug1,24/06/2018 00:30,0.0484
ug1,24/06/2018 00:45,0.0484
ug1,24/06/2018 01:00,0.0446
ug1,24/06/2018 01:15,0.0446
ug1,24/06/2018 01:30,0.0446
ug1,24/06/2018 01:45,0.0446
ug1,24/06/2018 02:00,0.0437
ug1,24/06/2018 02:15,0.0437
ug1,24/06/2018 02:30,0.0437
ug1,24/06/2018 02:45,0.0437
ug1,24/06/2018 03:00,0.0445
ug1,24/06/2018 03:15,0.0445
ug1,24/06/2018 03:30,0.0445
ug1,24/06/2018 03:45,0.0445
ug1,24/06/2018 04:00,0.0518
ug1,24/06/2018 04:15,0.0518
ug1,24/06/2018 04:30,0.0518
ug1,24/06/2018 04:45,0.0518
ug1,24/06/2018 05:00,0.069
ug1,24/06/2018 05:15,0.069
ug1,24/06/2018 05:30,0.069
ug1,24/06/2018 05:45,0.069
ug1,24/06/2018 06:00,0.0824
ug1,24/06/2018 06:15,0.0824
ug1,24/06/2018 06:30,0.0824
ug1,24/06/2018 06:45,0.0824
ug1,24/06/2018 07:00,0.0801
ug1,24/06/2018 07:15,0.0801
ug1,24/06/2018 07:30,0.0801
ug1,24/06/2018 07:45,0.0801
ug1,24/06/2018 08:00,0.088
ug1,24/06/2018 08:15,0.088
ug1,24/06/2018 08:30,0.088
ug1,24/06/2018 08:45,0.088
ug1,24/06/2018 09:00,0.09
ug1,24/06/2018 09:15,0.09
ug1,24/06/2018 09:30,0.09
ug1,24/06/2018 09:45,0.09
ug1,24/06/2018 10:00,0.0926
ug1,24/06/2018 10:15,0.0926
ug1,24/06/2018 10:30,0.0926
ug1,24/06/2018 10:45,0.0926
ug1,24/06/2018 11:00,0.0887
ug1,24/06/2018 11:15,0.0887
ug1,24/06/2018 11:30,0.0887
ug1,24/06/2018 11:45,0.0887
ug1,24/06/2018 12:00,0.0906
ug1,24/06/2018 12:15,0.0906
ug1,24/06/2018 12:30,0.0906
ug1,24/06/2018 12:45,0.0906
ug1,24/06/2018 13:00,0.0905
ug1,24/06/2018 13:15,0.0905
ug1,24/06/2018 13:30,0.0905
ug1,24/06/2018 13:45,0.0905
ug1,24/06/2018 14:00,0.086
ug1,24/06/2018 14:15,0.086
ug1,24/06/2018 14:30,0.086
ug1,24/06/2018 14:45,0.086
ug1,24/06/2018 15:00,0.0791
ug1,24/06/2018 15:15,0.0791
ug1,24/06/2018 15:30,0.0791
ug1,24/06/2018 15:45,0.0791
ug1,24/06/2018 16:00,0.0746
ug1,24/06/2018 16:15,0.0746
ug1,24/06/2018 16:30,0.0746
ug1,24/06/2018 16:45,0.0746
ug1,24/06/2018 17:00,0.0655
ug1,24/06/2018 17:15,0.0655
ug1,24/06/2018 17:30,0.0655
ug1,24/06/2018 17:45,0.0655
ug1,24/06/2018 18:00,0.0624
ug1,24/06/2018 18:15,0.0624
ug1,24/06/2018 18:30,0.0624
ug1,24/06/2018 18:45,0.0624
ug1,24/06/2018 19:00,0.0658
ug1,24/06/2018 19:15,0.0658
ug1,24/06/2018 19:30,0.0658
ug1,24/06/2018 19:45,0.0658
ug1,24/06/2018 20:00,0.0727
ug1,24/06/2018 20:15,0.0727
ug1,24/06/2018 20:30,0.0727
ug1,24/06/2018 20:45,0.0727
ug1,24/06/2018 21:00,0.0609
ug1,24/06/2018 21:15,0.0609
ug1,24/06/2018 21:30,0.0609
ug1,24/06/2018 21:45,0.0609
ug1,24/06/2018 22:00,0.0525
ug1,24/06/2018 22:15,0.0525
ug1,24/06/2018 22:30,0.0525
ug1,24/06/2018 22:45,0.0525
ug1,24/06/2018 23:00,0.0449
ug1,24/06/2018 23:15,0.0449
ug1,24/06/2018 23:30,0.0449
ug1,24/06/2018 23:45,0.0449
ug1,25/06/2018 00:00,0.0484
ug1,25/06/2018 00:15,0.0484
ug1,25/06/2018 00:30,0.0484
ug1,25/06/2018 00:45,0.0484
ug1,25/06/2018 01:00,0.0446
ug1,25/06/2018 01:15,0.0446
ug1,25/06/2018 01:30,0.0446
ug1,25/06/2018 01:45,0.0446
ug1,25/06/2018 02:00,0.0437
ug1,25/06/2018 02:15,0.0437
ug1,25/06/2018 02:30,0.0437
ug1,25/06/2018 02:45,0.0437
ug1,25/06/2018 03:00,0.0445
ug1,25/06/2018 03:15,0.0445
ug1,25/06/2018 03:30,0.0445
ug1,25/06/2018 03:45,0.0445
ug1,25/06/2018 04:00,0.0518
ug1,25/06/2018 04:15,0.0518
ug1,25/06/2018 04:30,0.0518
ug1,25/06/2018 04:45,0.0518
ug1,25/06/2018 05:00,0.069
ug1,25/06/2018 05:15,0.069
ug1,25/06/2018 05:30,0.069
ug1,25/06/2018 05:45,0.069
ug1,25/06/2018 06:00,0.0824
ug1,25/06/2018 06:15,0.0824
ug1,25/06/2018 06:30,0.0824
ug1,25/06/2018 06:45,0.0824
ug1,25/06/2018 07:00,0.0801
ug1,25/06/2018 07:15,0.0801
ug1,25/06/2018 07:30,0.0801
ug1,25/06/2018 07:45,0.0801
ug1,25/06/2018 08:00,0.088
ug1,25/06/2018 08:15,0.088
ug1,25/06/2018 08:30,0.088
ug1,25/06/2018 08:45,0.088
ug1,25/06/2018 09:00,0.09
ug1,25/06/2018 09:15,0.09
ug1,25/06/2018 09:30,0.09
ug1,25/06/2018 09:45,0.09
ug1,25/06/2018 10:00,0.0926
ug1,25/06/2018 10:15,0.0926
ug1,25/06/2018 10:30,0.0926
ug1,25/06/2018 10:45,0.0926
ug1,25/06/2018 11:00,0.0887
ug1,25/06/2018 11:15,0.0887
ug1,25/06/2018 11:30,0.0887
ug1,25/06/2018 11:45,0.0887
ug1,25/06/2018 12:00,0.0906
ug1,25/06/2018 12:15,0.0906
ug1,25/06/2018 12:30,0.0906
ug1,25/06/2018 12:45,0.0906
ug1,25/06/2018 13:00,0.0905
ug1,25/06/2018 13:15,0.0905
ug1,25/06/2018 13:30,0.0905
ug1,25/06/2018 13:45,0.0905
ug1,25/06/2018 14:00,0.086
ug1,25/06/2018 14:15,0.086
ug1,25/06/2018 14:30,0.086
ug1,25/06/2018 14:45,0.086
ug1,25/06/2018 15:00,0.0791
ug1,25/06/2018 15:15,0.0791
ug1,25/06/2018 15:30,0.0791
ug1,25/06/2018 15:45,0.0791
ug1,25/06/2018 16:00,0.0746
ug1,25/06/2018 16:15,0.0746
ug1,25/06/2018 16:30,0.0746
ug1,25/06/2018 16:45,0.0746
ug1,25/06/2018 17:00,0.0655
ug1,25/06/2018 17:15,0.0655
ug1,25/06/2018 17:30,0.0655
ug1,25/06/2018 17:45,0.0655
ug1,25/06/2018 18:00,0.0624
ug1,25/06/2018 18:15,0.0624
ug1,25/06/2018 18:30,0.0624
ug1,25/06/2018 18:45,0.0624
ug1,25/06/2018 19:00,0.0658
ug1,25/06/2018 19:15,0.0658
ug1,25/06/2018 19:30,0.0658
ug1,25/06/2018 19:45,0.0658
ug1,25/06/2018 20:00,0.0727
ug1,25/06/2018 20:15,0.0727
ug1,25/06/2018 20:30,0.0727
ug1,25/06/2018 20:45,0.0727
ug1,25/06/2018 21:00,0.0609
ug1,25/06/2018 21:15,0.0609
ug1,25/06/2018 21:30,0.0609
ug1,25/06/2018 21:45,0.0609
ug1,25/06/2018 22:00,0.0525
ug1,25/06/2018 22:15,0.0525
ug1,25/06/2018 22:30,0.0525
ug1,25/06/2018 22:45,0.0525
ug1,25/06/2018 23:00,0.0449
ug1,25/06/2018 23:15,0.0449
ug1,25/06/2018 23:30,0.0449
ug1,25/06/2018 23:45,0.0449
ug1,26/06/2018 00:00,0.0484
ug1,26/06/2018 00:15,0.0484
ug1,26/06/2018 00:30,0.0484
ug1,26/06/2018 00:45,0.0484
ug1,26/06/2018 01:00,0.0446
ug1,26/06/2018 01:15,0.0446
ug1,26/06/2018 01:30,0.0446
ug1,26/06/2018 01:45,0.0446
ug1,26/06/2018 02:00,0.0437
ug1,26/06/2018 02:15,0.0437
ug1,26/06/2018 02:30,0.0437
ug1,26/06/2018 02:45,0.0437
ug1,26/06/2018 03:00,0.0445
ug1,26/06/2018 03:15,0.0445
ug1,26/06/2018 03:30,0.0445
ug1,26/06/2018 03:45,0.0445
ug1,26/06/2018 04:00,0.0518
ug1,26/06/2018 04:15,0.0518
ug1,26/06/2018 04:30,0.0518
ug1,26/06/2018 04:45,0.0518
ug1,26/06/2018 05:00,0.069
ug1,26/06/2018 05:15,0.069
ug1,26/06/2018 05:30,0.069
ug1,26/06/2018 05:45,0.069
ug1,26/06/2018 06:00,0.0824
ug1,26/06/2018 06:15,0.0824
ug1,26/06/2018 06:30,0.0824
ug1,26/06/2018 06:45,0.0824
ug1,26/06/2018 07:00,0.0801
ug1,26/06/2018 07:15,0.0801
ug1,26/06/2018 07:30,0.0801
ug1,26/06/2018 07:45,0.0801
ug1,26/06/2018 08:00,0.088
ug1,26/06/2018 08:15,0.088
ug1,26/06/2018 08:30,0.088
ug1,26/06/2018 08:45,0.088
ug1,26/06/2018 09:00,0.09
ug1,26/06/2018 09:15,0.09
ug1,26/06/2018 09:30,0.09
ug1,26/06/2018 09:45,0.09
ug1,26/06/2018 10:00,0.0926
ug1,26/06/2018 10:15,0.0926
ug1,26/06/2018 10:30,0.0926
ug1,26/06/2018 10:45,0.0926
ug1,26/06/2018 11:00,0.0887
ug1,26/06/2018 11:15,0.0887
ug1,26/06/2018 11:30,0.0887
ug1,26/06/2018 11:45,0.0887
ug1,26/06/2018 12:00,0.0906
ug1,26/06/2018 12:15,0.0906
ug1,26/06/2018 12:30,0.0906
ug1,26/06/2018 12:45,0.0906
ug1,26/06/2018 13:00,0.0905
ug1,26/06/2018 13:15,0.0905
ug1,26/06/2018 13:30,0.0905
ug1,26/06/2018 13:45,0.0905
ug1,26/06/2018 14:00,0.086
ug1,26/06/2018 14:15,0.086
ug1,26/06/2018 14:30,0.086
ug1,26/06/2018 14:45,0.086
ug1,26/06/2018 15:00,0.0791
ug1,26/06/2018 15:15,0.0791
ug1,26/06/2018 15:30,0.0791
ug1,26/06/2018 15:45,0.0791
ug1,26/06/2018 16:00,0.0746
ug1,26/06/2018 16:15,0.0746
ug1,26/06/2018 16:30,0.0746
ug1,26/06/2018 16:45,0.0746
ug1,26/06/2018 17:00,0.0655
ug1,26/06/2018 17:15,0.0655
ug1,26/06/2018 17:30,0.0655
ug1,26/06/2018 17:45,0.0655
ug1,26/06/2018 18:00,0.0624
ug1,26/06/2018 18:15,0.0624
ug1,26/06/2018 18:30,0.0624
ug1,26/06/2018 18:45,0.0624
ug1,26/06/2018 19:00,0.0658
ug1,26/06/2018 19:15,0.0658
ug1,26/06/2018 19:30,0.0658
ug1,26/06/2018 19:45,0.0658
ug1,26/06/2018 20:00,0.0727
ug1,26/06/2018 20:15,0.0727
ug1,26/06/2018 20:30,0.0727
ug1,26/06/2018 20:45,0.0727
ug1,26/06/2018 21:00,0.0609
ug1,26/06/2018 21:15,0.0609
ug1,26/06/2018 21:30,0.0609
ug1,26/06/2018 21:45,0.0609
ug1,26/06/2018 22:00,0.0525
ug1,26/06/2018 22:15,0.0525
ug1,26/06/2018 22:30,0.0525
ug1,26/06/2018 22:45,0.0525
ug1,26/06/2018 23:00,0.0449
ug1,26/06/2018 23:15,0.0449
ug1,26/06/2018 23:30,0.0449
ug1,26/06/2018 23:45,0.0449
ug1,27/06/2018 00:00,0.0484
ug1,27/06/2018 00:15,0.0484
ug1,27/06/2018 00:30,0.0484
ug1,27/06/2018 00:45,0.0484
ug1,27/06/2018 01:00,0.0446
ug1,27/06/2018 01:15,0.0446
ug1,27/06/2018 01:30,0.0446
ug1,27/06/2018 01:45,0.0446
ug1,27/06/2018 02:00,0.0437
ug1,27/06/2018 02:15,0.0437
ug1,27/06/2018 02:30,0.0437
ug1,27/06/2018 02:45,0.0437
ug1,27/06/2018 03:00,0.0445
ug1,27/06/2018 03:15,0.0445
ug1,27/06/2018 03:30,0.0445
ug1,27/06/2018 03:45,0.0445
ug1,27/06/2018 04:00,0.0518
ug1,27/06/2018 04:15,0.0518
ug1,27/06/2018 04:30,0.0518
ug1,27/06/2018 04:45,0.0518
ug1,27/06/2018 05:00,0.069
ug1,27/06/2018 05:15,0.069
ug1,27/06/2018 05:30,0.069
ug1,27/06/2018 05:45,0.069
ug1,27/06/2018 06:00,0.0824
ug1,27/06/2018 06:15,0.0824
ug1,27/06/2018 06:30,0.0824
ug1,27/06/2018 06:45,0.0824
ug1,27/06/2018 07:00,0.0801
ug1,27/06/2018 07:15,0.0801
ug1,27/06/2018 07:30,0.0801
ug1,27/06/2018 07:45,0.0801
ug1,27/06/2018 08:00,0.088
ug1,27/06/2018 08:15,0.088
ug1,27/06/2018 08:30,0.088
ug1,27/06/2018 08:45,0.088
ug1,27/06/2018 09:00,0.09
ug1,27/06/2018 09:15,0.09
ug1,27/06/2018 09:30,0.09
ug1,27/06/2018 09:45,0.09
ug1,27/06/2018 10:00,0.0926
ug1,27/06/2018 10:15,0.0926
ug1,27/06/2018 10:30,0.0926
ug1,27/06/2018 10:45,0.0926
ug1,27/06/2018 11:00,0.0887
ug1,27/06/2018 11:15,0.0887
ug1,27/06/2018 11:30,0.0887
ug1,27/06/2018 11:45,0.0887
ug1,27/06/2018 12:00,0.0906
ug1,27/06/2018 12:15,0.0906
ug1,27/06/2018 12:30,0.0906
ug1,27/06/2018 12:45,0.0906
ug1,27/06/2018 13:00,0.0905
ug1,27/06/2018 13:15,0.0905
ug1,27/06/2018 13:30,0.0905
ug1,27/06/2018 13:45,0.0905
ug1,27/06/2018 14:00,0.086
ug1,27/06/2018 14:15,0.086
ug1,27/06/2018 14:30,0.086
ug1,27/06/2018 14:45,0.086
ug1,27/06/2018 15:00,0.0791
ug1,27/06/2018 15:15,0.0791
ug1,27/06/2018 15:30,0.0791
ug1,27/06/2018 15:45,0.0791
ug1,27/06/2018 16:00,0.0746
ug1,27/06/2018 16:15,0.0746
ug1,27/06/2018 16:30,0.0746
ug1,27/06/2018 16:45,0.0746
ug1,27/06/2018 17:00,0.0655
ug1,27/06/2018 17:15,0.0655
ug1,27/06/2018 17:30,0.0655
ug1,27/06/2018 17:45,0.0655
ug1,27/06/2018 18:00,0.0624
ug1,27/06/2018 18:15,0.0624
ug1,27/06/2018 18:30,0.0624
ug1,27/06/2018 18:45,0.0624
ug1,27/06/2018 19:00,0.0658
ug1,27/06/2018 19:15,0.0658
ug1,27/06/2018 19:30,0.0658
ug1,27/06/2018 19:45,0.0658
ug1,27/06/2018 20:00,0.0727
ug1,27/06/2018 20:15,0.0727
ug1,27/06/2018 20:30,0.0727
ug1,27/06/2018 20:45,0.0727
ug1,27/06/2018 21:00,0.0609
ug1,27/06/2018 21:15,0.0609
ug1,27/06/2018 21:30,0.0609
ug1,27/06/2018 21:45,0.0609
ug1,27/06/2018 22:00,0.0525
ug1,27/06/2018 22:15,0.0525
ug1,27/06/2018 22:30,0.0525
ug1,27/06/2018 22:45,0.0525
ug1,27/06/2018 23:00,0.0449
ug1,27/06/2018 23:15,0.0449
ug1,27/06/2018 23:30,0.0449
ug1,27/06/2018 23:45,0.0449
ug1,28/06/2018 00:00,0.0484
ug1,28/06/2018 00:15,0.0484
ug1,28/06/2018 00:30,0.0484
ug1,28/06/2018 00:45,0.0484
ug1,28/06/2018 01:00,0.0446
ug1,28/06/2018 01:15,0.0446
ug1,28/06/2018 01:30,0.0446
ug1,28/06/2018 01:45,0.0446
ug1,28/06/2018 02:00,0.0437
ug1,28/06/2018 02:15,0.0437
ug1,28/06/2018 02:30,0.0437
ug1,28/06/2018 02:45,0.0437
ug1,28/06/2018 03:00,0.0445
ug1,28/06/2018 03:15,0.0445
ug1,28/06/2018 03:30,0.0445
ug1,28/06/2018 03:45,0.0445
ug1,28/06/2018 04:00,0.0518
ug1,28/06/2018 04:15,0.0518
ug1,28/06/2018 04:30,0.0518
ug1,28/06/2018 04:45,0.0518
ug1,28/06/2018 05:00,0.069
ug1,28/06/2018 05:15,0.069
ug1,28/06/2018 05:30,0.069
ug1,28/06/2018 05:45,0.069
ug1,28/06/2018 06:00,0.0824
ug1,28/06/2018 06:15,0.0824
ug1,28/06/2018 06:30,0.0824
ug1,28/06/2018 06:45,0.0824
ug1,28/06/2018 07:00,0.0801
ug1,28/06/2018 07:15,0.0801
ug1,28/06/2018 07:30,0.0801
ug1,28/06/2018 07:45,0.0801
ug1,28/06/2018 08:00,0.088
ug1,28/06/2018 08:15,0.088
ug1,28/06/2018 08:30,0.088
ug1,28/06/2018 08:45,0.088
ug1,28/06/2018 09:00,0.09
ug1,28/06/2018 09:15,0.09
ug1,28/06/2018 09:30,0.09
ug1,28/06/2018 09:45,0.09
ug1,28/06/2018 10:00,0.0926
ug1,28/06/2018 10:15,0.0926
ug1,28/06/2018 10:30,0.0926
ug1,28/06/2018 10:45,0.0926
ug1,28/06/2018 11:00,0.0887
ug1,28/06/2018 11:15,0.0887
ug1,28/06/2018 11:30,0.0887
ug1,28/06/2018 11:45,0.0887
ug1,28/06/2018 12:00,0.0906
ug1,28/06/2018 12:15,0.0906
ug1,28/06/2018 12:30,0.0906
ug1,28/06/2018 12:45,0.0906
ug1,28/06/2018 13:00,0.0905
ug1,28/06/2018 13:15,0.0905
ug1,28/06/2018 13:30,0.0905
ug1,28/06/2018 13:45,0.0905
ug1,28/06/2018 14:00,0.086
ug1,28/06/2018 14:15,0.086
ug1,28/06/2018 14:30,0.086
ug1,28/06/2018 14:45,0.086
ug1,28/06/2018 15:00,0.0791
ug1,28/06/2018 15:15,0.0791
ug1,28/06/2018 15:30,0.0791
ug1,28/06/2018 15:45,0.0791
ug1,28/06/2018 16:00,0.0746
ug1,28/06/2018 16:15,0.0746
ug1,28/06/2018 16:30,0.0746
ug1,28/06/2018 16:45,0.0746
ug1,28/06/2018 17:00,0.0655
ug1,28/06/2018 17:15,0.0655
ug1,28/06/2018 17:30,0.0655
ug1,28/06/2018 17:45,0.0655
ug1,28/06/2018 18:00,0.0624
ug1,28/06/2018 18:15,0.0624
ug1,28/06/2018 18:30,0.0624
ug1,28/06/2018 18:45,0.0624
ug1,28/06/2018 19:00,0.0658
ug1,28/06/2018 19:15,0.0658
ug1,28/06/2018 19:30,0.0658
ug1,28/06/2018 19:45,0.0658
ug1,28/06/2018 20:00,0.0727
ug1,28/06/2018 20:15,0.0727
ug1,28/06/2018 20:30,0.0727
ug1,28/06/2018 20:45,0.0727
ug1,28/06/2018 21:00,0.0609
ug1,28/06/2018 21:15,0.0609
ug1,28/06/2018 21:30,0.0609
ug1,28/06/2018 21:45,0.0609
ug1,28/06/2018 22:00,0.0525
ug1,28/06/2018 22:15,0.0525
ug1,28/06/2018 22:30,0.0525
ug1,28/06/2018 22:45,0.0525
ug1,28/06/2018 23:00,0.0449
ug1,28/06/2018 23:15,0.0449
ug1,28/06/2018 23:30,0.0449
ug1,28/06/2018 23:45,0.0449
ug1,29/06/2018 00:00,0.0484
ug1,29/06/2018 00:15,0.0484
ug1,29/06/2018 00:30,0.0484
ug1,29/06/2018 00:45,0.0484
ug1,29/06/2018 01:00,0.0446
ug1,29/06/2018 01:15,0.0446
ug1,29/06/2018 01:30,0.0446
ug1,29/06/2018 01:45,0.0446
ug1,29/06/2018 02:00,0.0437
ug1,29/06/2018 02:15,0.0437
ug1,29/06/2018 02:30,0.0437
ug1,29/06/2018 02:45,0.0437
ug1,29/06/2018 03:00,0.0445
ug1,29/06/2018 03:15,0.0445
ug1,29/06/2018 03:30,0.0445
ug1,29/06/2018 03:45,0.0445
ug1,29/06/2018 04:00,0.0518
ug1,29/06/2018 04:15,0.0518
ug1,29/06/2018 04:30,0.0518
ug1,29/06/2018 04:45,0.0518
ug1,29/06/2018 05:00,0.069
ug1,29/06/2018 05:15,0.069
ug1,29/06/2018 05:30,0.069
ug1,29/06/2018 05:45,0.069
ug1,29/06/2018 06:00,0.0824
ug1,29/06/2018 06:15,0.0824
ug1,29/06/2018 06:30,0.0824
ug1,29/06/2018 06:45,0.0824
ug1,29/06/2018 07:00,0.0801
ug1,29/06/2018 07:15,0.0801
ug1,29/06/2018 07:30,0.0801
ug1,29/06/2018 07:45,0.0801
ug1,29/06/2018 08:00,0.088
ug1,29/06/2018 08:15,0.088
ug1,29/06/2018 08:30,0.088
ug1,29/06/2018 08:45,0.088
ug1,29/06/2018 09:00,0.09
ug1,29/06/2018 09:15,0.09
ug1,29/06/2018 09:30,0.09
ug1,29/06/2018 09:45,0.09
ug1,29/06/2018 10:00,0.0926
ug1,29/06/2018 10:15,0.0926
ug1,29/06/2018 10:30,0.0926
ug1,29/06/2018 10:45,0.0926
ug1,29/06/2018 11:00,0.0887
ug1,29/06/2018 11:15,0.0887
ug1,29/06/2018 11:30,0.0887
ug1,29/06/2018 11:45,0.0887
ug1,29/06/2018 12:00,0.0906
ug1,29/06/2018 12:15,0.0906
ug1,29/06/2018 12:30,0.0906
ug1,29/06/2018 12:45,0.0906
ug1,29/06/2018 13:00,0.0905
ug1,29/06/2018 13:15,0.0905
ug1,29/06/2018 13:30,0.0905
ug1,29/06/2018 13:45,0.0905
ug1,29/06/2018 14:00,0.086
ug1,29/06/2018 14:15,0.086
ug1,29/06/2018 14:30,0.086
ug1,29/06/2018 14:45,0.086
ug1,29/06/2018 15:00,0.0791
ug1,29/06/2018 15:15,0.0791
ug1,29/06/2018 15:30,0.0791
ug1,29/06/2018 15:45,0.0791
ug1,29/06/2018 16:00,0.0746
ug1,29/06/2018 16:15,0.0746
ug1,29/06/2018 16:30,0.0746
ug1,29/06/2018 16:45,0.0746
ug1,29/06/2018 17:00,0.0655
ug1,29/06/2018 17:15,0.0655
ug1,29/06/2018 17:30,0.0655
ug1,29/06/2018 17:45,0.0655
ug1,29/06/2018 18:00,0.0624
ug1,29/06/2018 18:15,0.0624
ug1,29/06/2018 18:30,0.0624
ug1,29/06/2018 18:45,0.0624
ug1,29/06/2018 19:00,0.0658
ug1,29/06/2018 19:15,0.0658
ug1,29/06/2018 19:30,0.0658
ug1,29/06/2018 19:45,0.0658
ug1,29/06/2018 20:00,0.0727
ug1,29/06/2018 20:15,0.0727
ug1,29/06/2018 20:30,0.0727
ug1,29/06/2018 20:45,0.0727
ug1,29/06/2018 21:00,0.0609
ug1,29/06/2018 21:15,0.0609
ug1,29/06/2018 21:30,0.0609
ug1,29/06/2018 21:45,0.0609
ug1,29/06/2018 22:00,0.0525
ug1,29/06/2018 22:15,0.0525
ug1,29/06/2018 22:30,0.0525
ug1,29/06/2018 22:45,0.0525
ug1,29/06/2018 23:00,0.0449
ug1,29/06/2018 23:15,0.0449
ug1,29/06/2018 23:30,0.0449
ug1,29/06/2018 23:45,0.0449
ug1,30/06/2018 00:00,0.0484
ug1,30/06/2018 00:15,0.0484
ug1,30/06/2018 00:30,0.0484
ug1,30/06/2018 00:45,0.0484
ug1,30/06/2018 01:00,0.0446
ug1,30/06/2018 01:15,0.0446
ug1,30/06/2018 01:30,0.0446
ug1,30/06/2018 01:45,0.0446
ug1,30/06/2018 02:00,0.0437
ug1,30/06/2018 02:15,0.0437
ug1,30/06/2018 02:30,0.0437
ug1,30/06/2018 02:45,0.0437
ug1,30/06/2018 03:00,0.0445
ug1,30/06/2018 03:15,0.0445
ug1,30/06/2018 03:30,0.0445
ug1,30/06/2018 03:45,0.0445
ug1,30/06/2018 04:00,0.0518
ug1,30/06/2018 04:15,0.0518
ug1,30/06/2018 04:30,0.0518
ug1,30/06/2018 04:45,0.0518
ug1,30/06/2018 05:00,0.069
ug1,30/06/2018 05:15,0.069
ug1,30/06/2018 05:30,0.069
ug1,30/06/2018 05:45,0.069
ug1,30/06/2018 06:00,0.0824
ug1,30/06/2018 06:15,0.0824
ug1,30/06/2018 06:30,0.0824
ug1,30/06/2018 06:45,0.0824
ug1,30/06/2018 07:00,0.0801
ug1,30/06/2018 07:15,0.0801
ug1,30/06/2018 07:30,0.0801
ug1,30/06/2018 07:45,0.0801
ug1,30/06/2018 08:00,0.088
ug1,30/06/2018 08:15,0.088
ug1,30/06/2018 08:30,0.088
ug1,30/06/2018 08:45,0.088
ug1,30/06/2018 09:00,0.09
ug1,30/06/2018 09:15,0.09
ug1,30/06/2018 09:30,0.09
ug1,30/06/2018 09:45,0.09
ug1,30/06/2018 10:00,0.0926
ug1,30/06/2018 10:15,0.0926
ug1,30/06/2018 10:30,0.0926
ug1,30/06/2018 10:45,0.0926
ug1,30/06/2018 11:00,0.0887
ug1,30/06/2018 11:15,0.0887
ug1,30/06/2018 11:30,0.0887
ug1,30/06/2018 11:45,0.0887
ug1,30/06/2018 12:00,0.0906
ug1,30/06/2018 12:15,0.0906
ug1,30/06/2018 12:30,0.0906
ug1,30/06/2018 12:45,0.0906
ug1,30/06/2018 13:00,0.0905
ug1,30/06/2018 13:15,0.0905
ug1,30/06/2018 13:30,0.0905
ug1,30/06/2018 13:45,0.0905
ug1,30/06/2018 14:00,0.086
ug1,30/06/2018 14:15,0.086
ug1,30/06/2018 14:30,0.086
ug1,30/06/2018 14:45,0.086
ug1,30/06/2018 15:00,0.0791
ug1,30/06/2018 15:15,0.0791
ug1,30/06/2018 15:30,0.0791
ug1,30/06/2018 15:45,0.0791
ug1,30/06/2018 16:00,0.0746
ug1,30/06/2018 16:15,0.0746
ug1,30/06/2018 16:30,0.0746
ug1,30/06/2018 16:45,0.0746
ug1,30/06/2018 17:00,0.0655
ug1,30/06/2018 17:15,0.0655
ug1,30/06/2018 17:30,0.0655
ug1,30/06/2018 17:45,0.0655
ug1,30/06/2018 18:00,0.0624
ug1,30/06/2018 18:15,0.0624
ug1,30/06/2018 18:30,0.0624
ug1,30/06/2018 18:45,0.0624
ug1,30/06/2018 19:00,0.0658
ug1,30/06/2018 19:15,0.0658
ug1,30/06/2018 19:30,0.0658
ug1,30/06/2018 19:45,0.0658
ug1,30/06/2018 20:00,0.0727
ug1,30/06/2018 20:15,0.0727
ug1,30/06/2018 20:30,0.0727
ug1,30/06/2018 20:45,0.0727
ug1,30/06/2018 21:00,0.0609
ug1,30/06/2018 21:15,0.0609
ug1,30/06/2018 21:30,0.0609
ug1,30/06/2018 21:45,0.0609
ug1,30/06/2018 22:00,0.0525
ug1,30/06/2018 22:15,0.0525
ug1,30/06/2018 22:30,0.0525
ug1,30/06/2018 22:45,0.0525
ug1,30/06/2018 23:00,0.0449
ug1,30/06/2018 23:15,0.0449
ug1,30/06/2018 23:30,0.0449
ug1,30/06/2018 23:45,0.0449
