idx,steps,episodes,reward,time,agent0_reward,agent1_reward,agent2_reward,agent3_reward,agent4_reward,agent5_reward
0,590,10,-62.637,17.704,-10.44,-10.44,-10.44,-10.44,-10.44,-10.44
1,1180,20,-70.06,16.813,-11.68,-11.68,-11.68,-11.68,-11.68,-11.68
2,1770,30,-85.472,16.721,-14.25,-14.25,-14.25,-14.25,-14.25,-14.25
3,2360,40,-71.494,16.718,-11.92,-11.92,-11.92,-11.92,-11.92,-11.92
4,2950,50,-71.728,16.719,-11.95,-11.95,-11.95,-11.95,-11.95,-11.95
5,3540,60,-55.921,20.173,-9.32,-9.32,-9.32,-9.32,-9.32,-9.32
6,4130,70,-75.816,22.626,-12.64,-12.64,-12.64,-12.64,-12.64,-12.64
7,4720,80,-78.926,22.642,-13.15,-13.15,-13.15,-13.15,-13.15,-13.15
8,5310,90,-84.805,22.61,-14.13,-14.13,-14.13,-14.13,-14.13,-14.13
9,5900,100,-76.201,22.642,-12.7,-12.7,-12.7,-12.7,-12.7,-12.7
10,6490,110,-72.962,22.642,-12.16,-12.16,-12.16,-12.16,-12.16,-12.16
11,7080,120,-67.178,22.642,-11.2,-11.2,-11.2,-11.2,-11.2,-11.2
12,7670,130,-77.136,22.72,-12.86,-12.86,-12.86,-12.86,-12.86,-12.86
13,8260,140,-84.205,22.657,-14.03,-14.03,-14.03,-14.03,-14.03,-14.03
14,8850,150,-83.913,22.688,-13.99,-13.99,-13.99,-13.99,-13.99,-13.99
15,9440,160,-51.387,22.657,-8.56,-8.56,-8.56,-8.56,-8.56,-8.56
16,10030,170,-37.799,22.657,-6.3,-6.3,-6.3,-6.3,-6.3,-6.3
17,10620,180,-39.312,22.673,-6.55,-6.55,-6.55,-6.55,-6.55,-6.55
18,11210,190,-30.101,23.298,-5.02,-5.02,-5.02,-5.02,-5.02,-5.02
19,11800,200,-21.906,22.642,-3.65,-3.65,-3.65,-3.65,-3.65,-3.65
20,12390,210,-19.983,22.673,-3.33,-3.33,-3.33,-3.33,-3.33,-3.33
21,12980,220,-21.468,22.642,-3.58,-3.58,-3.58,-3.58,-3.58,-3.58
22,13570,230,-22.63,22.657,-3.77,-3.77,-3.77,-3.77,-3.77,-3.77
23,14160,240,-17.506,22.673,-2.92,-2.92,-2.92,-2.92,-2.92,-2.92
24,14750,250,-16.725,22.673,-2.79,-2.79,-2.79,-2.79,-2.79,-2.79
25,15340,260,-15.879,22.657,-2.65,-2.65,-2.65,-2.65,-2.65,-2.65
26,15930,270,-16.359,22.751,-2.73,-2.73,-2.73,-2.73,-2.73,-2.73
27,16520,280,-13.446,22.688,-2.24,-2.24,-2.24,-2.24,-2.24,-2.24
28,17110,290,-13.347,22.673,-2.22,-2.22,-2.22,-2.22,-2.22,-2.22
29,17700,300,-12.659,22.673,-2.11,-2.11,-2.11,-2.11,-2.11,-2.11
30,18290,310,-12.679,22.657,-2.11,-2.11,-2.11,-2.11,-2.11,-2.11
31,18880,320,-11.687,22.532,-1.95,-1.95,-1.95,-1.95,-1.95,-1.95
32,19470,330,-11.481,22.501,-1.91,-1.91,-1.91,-1.91,-1.91,-1.91
33,20060,340,-13.961,22.516,-2.33,-2.33,-2.33,-2.33,-2.33,-2.33
34,20650,350,-11.323,22.517,-1.89,-1.89,-1.89,-1.89,-1.89,-1.89
35,21240,360,-10.98,22.47,-1.83,-1.83,-1.83,-1.83,-1.83,-1.83
36,21830,370,-11.574,22.501,-1.93,-1.93,-1.93,-1.93,-1.93,-1.93
37,22420,380,-11.509,22.454,-1.92,-1.92,-1.92,-1.92,-1.92,-1.92
38,23010,390,-11.101,22.563,-1.85,-1.85,-1.85,-1.85,-1.85,-1.85
39,23600,400,-10.888,22.517,-1.81,-1.81,-1.81,-1.81,-1.81,-1.81
40,24190,410,-10.361,22.47,-1.73,-1.73,-1.73,-1.73,-1.73,-1.73
41,24780,420,-11.323,22.532,-1.89,-1.89,-1.89,-1.89,-1.89,-1.89
42,25370,430,-10.692,22.517,-1.78,-1.78,-1.78,-1.78,-1.78,-1.78
43,25960,440,-10.457,22.532,-1.74,-1.74,-1.74,-1.74,-1.74,-1.74
44,26550,450,-10.134,22.501,-1.69,-1.69,-1.69,-1.69,-1.69,-1.69
45,27140,460,-10.268,22.485,-1.71,-1.71,-1.71,-1.71,-1.71,-1.71
46,27730,470,-10.854,22.516,-1.81,-1.81,-1.81,-1.81,-1.81,-1.81
47,28320,480,-11.021,22.501,-1.84,-1.84,-1.84,-1.84,-1.84,-1.84
48,28910,490,-9.919,22.47,-1.65,-1.65,-1.65,-1.65,-1.65,-1.65
49,29500,500,-10.016,22.501,-1.67,-1.67,-1.67,-1.67,-1.67,-1.67
50,30090,510,-9.934,22.688,-1.66,-1.66,-1.66,-1.66,-1.66,-1.66
51,30680,520,-9.875,22.548,-1.65,-1.65,-1.65,-1.65,-1.65,-1.65
52,31270,530,-9.415,22.548,-1.57,-1.57,-1.57,-1.57,-1.57,-1.57
53,31860,540,-10.36,22.532,-1.73,-1.73,-1.73,-1.73,-1.73,-1.73
54,32450,550,-9.787,22.626,-1.63,-1.63,-1.63,-1.63,-1.63,-1.63
55,33040,560,-9.427,22.579,-1.57,-1.57,-1.57,-1.57,-1.57,-1.57
56,33630,570,-8.91,22.501,-1.49,-1.49,-1.49,-1.49,-1.49,-1.49
57,34220,580,-9.087,22.501,-1.51,-1.51,-1.51,-1.51,-1.51,-1.51
58,34810,590,-9.676,22.517,-1.61,-1.61,-1.61,-1.61,-1.61,-1.61
59,35400,600,-8.144,22.501,-1.36,-1.36,-1.36,-1.36,-1.36,-1.36
60,35990,610,-8.365,22.485,-1.39,-1.39,-1.39,-1.39,-1.39,-1.39
61,36580,620,-9.189,22.517,-1.53,-1.53,-1.53,-1.53,-1.53,-1.53
62,37170,630,-8.449,22.501,-1.41,-1.41,-1.41,-1.41,-1.41,-1.41
63,37760,640,-8.577,22.532,-1.43,-1.43,-1.43,-1.43,-1.43,-1.43
64,38350,650,-9.173,22.485,-1.53,-1.53,-1.53,-1.53,-1.53,-1.53
65,38940,660,-8.854,22.501,-1.48,-1.48,-1.48,-1.48,-1.48,-1.48
66,39530,670,-8.662,22.485,-1.44,-1.44,-1.44,-1.44,-1.44,-1.44
67,40120,680,-7.967,22.485,-1.33,-1.33,-1.33,-1.33,-1.33,-1.33
68,40710,690,-7.952,22.501,-1.33,-1.33,-1.33,-1.33,-1.33,-1.33
69,41300,700,-9.327,22.47,-1.55,-1.55,-1.55,-1.55,-1.55,-1.55
70,41890,710,-8.464,22.501,-1.41,-1.41,-1.41,-1.41,-1.41,-1.41
71,42480,720,-7.533,22.501,-1.26,-1.26,-1.26,-1.26,-1.26,-1.26
72,43070,730,-8.354,22.501,-1.39,-1.39,-1.39,-1.39,-1.39,-1.39
73,43660,740,-7.866,22.501,-1.31,-1.31,-1.31,-1.31,-1.31,-1.31
74,44250,750,-8.019,22.516,-1.34,-1.34,-1.34,-1.34,-1.34,-1.34
75,44840,760,-8.564,22.532,-1.43,-1.43,-1.43,-1.43,-1.43,-1.43
76,45430,770,-7.823,22.563,-1.3,-1.3,-1.3,-1.3,-1.3,-1.3
77,46020,780,-8.284,22.596,-1.38,-1.38,-1.38,-1.38,-1.38,-1.38
78,46610,790,-7.571,22.656,-1.26,-1.26,-1.26,-1.26,-1.26,-1.26
79,47200,800,-7.437,22.626,-1.24,-1.24,-1.24,-1.24,-1.24,-1.24
80,47790,810,-7.83,22.642,-1.31,-1.31,-1.31,-1.31,-1.31,-1.31
81,48380,820,-8.506,22.61,-1.42,-1.42,-1.42,-1.42,-1.42,-1.42
82,48970,830,-7.48,22.595,-1.25,-1.25,-1.25,-1.25,-1.25,-1.25
83,49560,840,-7.953,22.626,-1.33,-1.33,-1.33,-1.33,-1.33,-1.33
84,50150,850,-7.348,22.642,-1.22,-1.22,-1.22,-1.22,-1.22,-1.22
85,50740,860,-7.744,22.642,-1.29,-1.29,-1.29,-1.29,-1.29,-1.29
86,51330,870,-8.804,22.673,-1.47,-1.47,-1.47,-1.47,-1.47,-1.47
87,51920,880,-7.607,26.064,-1.27,-1.27,-1.27,-1.27,-1.27,-1.27
88,52510,890,-7.266,26.595,-1.21,-1.21,-1.21,-1.21,-1.21,-1.21
89,53100,900,-8.568,28.564,-1.43,-1.43,-1.43,-1.43,-1.43,-1.43
90,53690,910,-7.543,26.235,-1.26,-1.26,-1.26,-1.26,-1.26,-1.26
91,54280,920,-7.691,22.72,-1.28,-1.28,-1.28,-1.28,-1.28,-1.28
92,54870,930,-8.435,22.673,-1.41,-1.41,-1.41,-1.41,-1.41,-1.41
93,55460,940,-7.77,22.657,-1.3,-1.3,-1.3,-1.3,-1.3,-1.3
94,56050,950,-7.906,22.688,-1.32,-1.32,-1.32,-1.32,-1.32,-1.32
95,56640,960,-7.498,22.657,-1.25,-1.25,-1.25,-1.25,-1.25,-1.25
96,57230,970,-6.941,22.626,-1.16,-1.16,-1.16,-1.16,-1.16,-1.16
97,57820,980,-8.634,22.688,-1.44,-1.44,-1.44,-1.44,-1.44,-1.44
98,58410,990,-7.966,22.673,-1.33,-1.33,-1.33,-1.33,-1.33,-1.33
99,59000,1000,-6.95,22.813,-1.16,-1.16,-1.16,-1.16,-1.16,-1.16
100,59590,1010,-7.516,23.204,-1.25,-1.25,-1.25,-1.25,-1.25,-1.25
101,60180,1020,-7.367,23.063,-1.23,-1.23,-1.23,-1.23,-1.23,-1.23
102,60770,1030,-7.46,22.688,-1.24,-1.24,-1.24,-1.24,-1.24,-1.24
103,61360,1040,-8.35,22.61,-1.39,-1.39,-1.39,-1.39,-1.39,-1.39
104,61950,1050,-7.09,22.61,-1.18,-1.18,-1.18,-1.18,-1.18,-1.18
105,62540,1060,-7.488,22.892,-1.25,-1.25,-1.25,-1.25,-1.25,-1.25
106,63130,1070,-7.477,22.657,-1.25,-1.25,-1.25,-1.25,-1.25,-1.25
107,63720,1080,-6.804,22.61,-1.13,-1.13,-1.13,-1.13,-1.13,-1.13
108,64310,1090,-7.52,22.548,-1.25,-1.25,-1.25,-1.25,-1.25,-1.25
109,64900,1100,-8.322,22.548,-1.39,-1.39,-1.39,-1.39,-1.39,-1.39
110,65490,1110,-7.393,22.548,-1.23,-1.23,-1.23,-1.23,-1.23,-1.23
111,66080,1120,-7.154,22.563,-1.19,-1.19,-1.19,-1.19,-1.19,-1.19
112,66670,1130,-7.002,22.673,-1.17,-1.17,-1.17,-1.17,-1.17,-1.17
113,67260,1140,-7.437,22.517,-1.24,-1.24,-1.24,-1.24,-1.24,-1.24
114,67850,1150,-8.594,22.501,-1.43,-1.43,-1.43,-1.43,-1.43,-1.43
115,68440,1160,-7.124,22.516,-1.19,-1.19,-1.19,-1.19,-1.19,-1.19
116,69030,1170,-7.024,22.485,-1.17,-1.17,-1.17,-1.17,-1.17,-1.17
117,69620,1180,-7.81,22.501,-1.3,-1.3,-1.3,-1.3,-1.3,-1.3
118,70210,1190,-7.08,22.673,-1.18,-1.18,-1.18,-1.18,-1.18,-1.18
119,70800,1200,-7.423,22.532,-1.24,-1.24,-1.24,-1.24,-1.24,-1.24
120,71390,1210,-7.891,22.516,-1.32,-1.32,-1.32,-1.32,-1.32,-1.32
121,71980,1220,-7.448,22.517,-1.24,-1.24,-1.24,-1.24,-1.24,-1.24
122,72570,1230,-7.355,22.563,-1.23,-1.23,-1.23,-1.23,-1.23,-1.23
123,73160,1240,-7.245,22.563,-1.21,-1.21,-1.21,-1.21,-1.21,-1.21
124,73750,1250,-7.035,22.563,-1.17,-1.17,-1.17,-1.17,-1.17,-1.17
125,74340,1260,-8.239,22.548,-1.37,-1.37,-1.37,-1.37,-1.37,-1.37
126,74930,1270,-7.681,22.548,-1.28,-1.28,-1.28,-1.28,-1.28,-1.28
127,75520,1280,-6.818,22.548,-1.14,-1.14,-1.14,-1.14,-1.14,-1.14
128,76110,1290,-7.246,22.517,-1.21,-1.21,-1.21,-1.21,-1.21,-1.21
129,76700,1300,-7.305,22.501,-1.22,-1.22,-1.22,-1.22,-1.22,-1.22
130,77290,1310,-7.404,22.517,-1.23,-1.23,-1.23,-1.23,-1.23,-1.23
131,77880,1320,-7.978,22.657,-1.33,-1.33,-1.33,-1.33,-1.33,-1.33
132,78470,1330,-7.031,22.518,-1.17,-1.17,-1.17,-1.17,-1.17,-1.17
133,79060,1340,-7.503,22.547,-1.25,-1.25,-1.25,-1.25,-1.25,-1.25
134,79650,1350,-7.186,22.548,-1.2,-1.2,-1.2,-1.2,-1.2,-1.2
135,80240,1360,-6.968,22.563,-1.16,-1.16,-1.16,-1.16,-1.16,-1.16
136,80830,1370,-7.316,22.548,-1.22,-1.22,-1.22,-1.22,-1.22,-1.22
137,81420,1380,-8.243,22.532,-1.37,-1.37,-1.37,-1.37,-1.37,-1.37
138,82010,1390,-7.156,22.517,-1.19,-1.19,-1.19,-1.19,-1.19,-1.19
139,82600,1400,-6.872,22.532,-1.15,-1.15,-1.15,-1.15,-1.15,-1.15
140,83190,1410,-7.059,22.485,-1.18,-1.18,-1.18,-1.18,-1.18,-1.18
141,83780,1420,-7.077,22.704,-1.18,-1.18,-1.18,-1.18,-1.18,-1.18
142,84370,1430,-8.377,22.626,-1.4,-1.4,-1.4,-1.4,-1.4,-1.4
143,84960,1440,-7.009,22.501,-1.17,-1.17,-1.17,-1.17,-1.17,-1.17
144,85550,1450,-7.01,22.532,-1.17,-1.17,-1.17,-1.17,-1.17,-1.17
145,86140,1460,-7.226,22.501,-1.2,-1.2,-1.2,-1.2,-1.2,-1.2
146,86730,1470,-7.129,22.517,-1.19,-1.19,-1.19,-1.19,-1.19,-1.19
147,87320,1480,-7.396,22.485,-1.23,-1.23,-1.23,-1.23,-1.23,-1.23
148,87910,1490,-7.907,22.501,-1.32,-1.32,-1.32,-1.32,-1.32,-1.32
149,88500,1500,-7.329,22.485,-1.22,-1.22,-1.22,-1.22,-1.22,-1.22
150,89090,1510,-7.424,22.517,-1.24,-1.24,-1.24,-1.24,-1.24,-1.24
151,89680,1520,-6.932,22.517,-1.16,-1.16,-1.16,-1.16,-1.16,-1.16
152,90270,1530,-6.685,22.485,-1.11,-1.11,-1.11,-1.11,-1.11,-1.11
153,90860,1540,-8.021,22.626,-1.34,-1.34,-1.34,-1.34,-1.34,-1.34
154,91450,1550,-7.461,22.548,-1.24,-1.24,-1.24,-1.24,-1.24,-1.24
155,92040,1560,-6.801,22.673,-1.13,-1.13,-1.13,-1.13,-1.13,-1.13
156,92630,1570,-6.917,22.548,-1.15,-1.15,-1.15,-1.15,-1.15,-1.15
157,93220,1580,-7.16,22.564,-1.19,-1.19,-1.19,-1.19,-1.19,-1.19
158,93810,1590,-7.395,22.594,-1.23,-1.23,-1.23,-1.23,-1.23,-1.23
159,94400,1600,-7.735,22.563,-1.29,-1.29,-1.29,-1.29,-1.29,-1.29
160,94990,1610,-7.043,22.548,-1.17,-1.17,-1.17,-1.17,-1.17,-1.17
161,95580,1620,-7.463,22.579,-1.24,-1.24,-1.24,-1.24,-1.24,-1.24
162,96170,1630,-7.28,22.548,-1.21,-1.21,-1.21,-1.21,-1.21,-1.21
163,96760,1640,-6.936,22.516,-1.16,-1.16,-1.16,-1.16,-1.16,-1.16
164,97350,1650,-7.306,22.501,-1.22,-1.22,-1.22,-1.22,-1.22,-1.22
165,97940,1660,-7.96,22.579,-1.33,-1.33,-1.33,-1.33,-1.33,-1.33
166,98530,1670,-7.007,22.595,-1.17,-1.17,-1.17,-1.17,-1.17,-1.17
167,99120,1680,-7.394,22.501,-1.23,-1.23,-1.23,-1.23,-1.23,-1.23
168,99710,1690,-7.081,22.517,-1.18,-1.18,-1.18,-1.18,-1.18,-1.18
169,100300,1700,-7.06,22.548,-1.18,-1.18,-1.18,-1.18,-1.18,-1.18
170,100890,1710,-8.272,22.485,-1.38,-1.38,-1.38,-1.38,-1.38,-1.38
171,101480,1720,-6.882,22.517,-1.15,-1.15,-1.15,-1.15,-1.15,-1.15
172,102070,1730,-6.944,22.532,-1.16,-1.16,-1.16,-1.16,-1.16,-1.16
173,102660,1740,-7.355,22.517,-1.23,-1.23,-1.23,-1.23,-1.23,-1.23
174,103250,1750,-6.974,22.563,-1.16,-1.16,-1.16,-1.16,-1.16,-1.16
175,103840,1760,-7.412,22.579,-1.24,-1.24,-1.24,-1.24,-1.24,-1.24
176,104430,1770,-7.75,22.595,-1.29,-1.29,-1.29,-1.29,-1.29,-1.29
177,105020,1780,-7.345,23.267,-1.22,-1.22,-1.22,-1.22,-1.22,-1.22
178,105610,1790,-7.39,22.563,-1.23,-1.23,-1.23,-1.23,-1.23,-1.23
179,106200,1800,-7.297,22.97,-1.22,-1.22,-1.22,-1.22,-1.22,-1.22
180,106790,1810,-6.984,22.61,-1.16,-1.16,-1.16,-1.16,-1.16,-1.16
181,107380,1820,-8.012,22.563,-1.34,-1.34,-1.34,-1.34,-1.34,-1.34
182,107970,1830,-7.621,22.563,-1.27,-1.27,-1.27,-1.27,-1.27,-1.27
183,108560,1840,-7.014,22.517,-1.17,-1.17,-1.17,-1.17,-1.17,-1.17
184,109150,1850,-7.126,22.485,-1.19,-1.19,-1.19,-1.19,-1.19,-1.19
185,109740,1860,-7.147,22.673,-1.19,-1.19,-1.19,-1.19,-1.19,-1.19
186,110330,1870,-7.497,22.548,-1.25,-1.25,-1.25,-1.25,-1.25,-1.25
187,110920,1880,-7.774,22.548,-1.3,-1.3,-1.3,-1.3,-1.3,-1.3
188,111510,1890,-6.957,22.532,-1.16,-1.16,-1.16,-1.16,-1.16,-1.16
189,112100,1900,-7.122,22.595,-1.19,-1.19,-1.19,-1.19,-1.19,-1.19
190,112690,1910,-7.055,22.642,-1.18,-1.18,-1.18,-1.18,-1.18,-1.18
191,113280,1920,-6.839,22.532,-1.14,-1.14,-1.14,-1.14,-1.14,-1.14
192,113870,1930,-7.387,22.532,-1.23,-1.23,-1.23,-1.23,-1.23,-1.23
193,114460,1940,-8.278,22.579,-1.38,-1.38,-1.38,-1.38,-1.38,-1.38
194,115050,1950,-7.166,22.501,-1.19,-1.19,-1.19,-1.19,-1.19,-1.19
195,115640,1960,-6.843,22.516,-1.14,-1.14,-1.14,-1.14,-1.14,-1.14
196,116230,1970,-6.804,22.501,-1.13,-1.13,-1.13,-1.13,-1.13,-1.13
197,116820,1980,-6.879,22.501,-1.15,-1.15,-1.15,-1.15,-1.15,-1.15
198,117410,1990,-8.491,22.501,-1.42,-1.42,-1.42,-1.42,-1.42,-1.42
199,118000,2000,-6.927,22.517,-1.15,-1.15,-1.15,-1.15,-1.15,-1.15
200,118590,2010,-6.764,24.501,-1.13,-1.13,-1.13,-1.13,-1.13,-1.13
201,119180,2020,-7.158,25.798,-1.19,-1.19,-1.19,-1.19,-1.19,-1.19
202,119770,2030,-6.905,28.032,-1.15,-1.15,-1.15,-1.15,-1.15,-1.15
203,120360,2040,-7.142,28.595,-1.19,-1.19,-1.19,-1.19,-1.19,-1.19
204,120950,2050,-7.583,22.751,-1.26,-1.26,-1.26,-1.26,-1.26,-1.26
205,121540,2060,-6.921,22.829,-1.15,-1.15,-1.15,-1.15,-1.15,-1.15
206,122130,2070,-6.873,22.516,-1.15,-1.15,-1.15,-1.15,-1.15,-1.15
207,122720,2080,-6.797,22.563,-1.13,-1.13,-1.13,-1.13,-1.13,-1.13
208,123310,2090,-6.773,22.563,-1.13,-1.13,-1.13,-1.13,-1.13,-1.13
209,123900,2100,-7.967,22.579,-1.33,-1.33,-1.33,-1.33,-1.33,-1.33
210,124490,2110,-7.703,22.579,-1.28,-1.28,-1.28,-1.28,-1.28,-1.28
211,125080,2120,-6.855,22.548,-1.14,-1.14,-1.14,-1.14,-1.14,-1.14
212,125670,2130,-6.777,22.548,-1.13,-1.13,-1.13,-1.13,-1.13,-1.13
213,126260,2140,-6.962,22.548,-1.16,-1.16,-1.16,-1.16,-1.16,-1.16
214,126850,2150,-7.374,22.532,-1.23,-1.23,-1.23,-1.23,-1.23,-1.23
215,127440,2160,-7.695,22.532,-1.28,-1.28,-1.28,-1.28,-1.28,-1.28
216,128030,2170,-6.883,22.548,-1.15,-1.15,-1.15,-1.15,-1.15,-1.15
217,128620,2180,-7.209,22.517,-1.2,-1.2,-1.2,-1.2,-1.2,-1.2
218,129210,2190,-6.913,22.501,-1.15,-1.15,-1.15,-1.15,-1.15,-1.15
219,129800,2200,-6.602,22.516,-1.1,-1.1,-1.1,-1.1,-1.1,-1.1
220,130390,2210,-7.23,22.657,-1.2,-1.2,-1.2,-1.2,-1.2,-1.2
221,130980,2220,-7.875,22.517,-1.31,-1.31,-1.31,-1.31,-1.31,-1.31
222,131570,2230,-6.878,22.516,-1.15,-1.15,-1.15,-1.15,-1.15,-1.15
223,132160,2240,-6.741,22.501,-1.12,-1.12,-1.12,-1.12,-1.12,-1.12
224,132750,2250,-6.583,22.501,-1.1,-1.1,-1.1,-1.1,-1.1,-1.1
225,133340,2260,-6.812,22.501,-1.14,-1.14,-1.14,-1.14,-1.14,-1.14
226,133930,2270,-8.639,22.532,-1.44,-1.44,-1.44,-1.44,-1.44,-1.44
227,134520,2280,-6.97,22.517,-1.16,-1.16,-1.16,-1.16,-1.16,-1.16
228,135110,2290,-6.686,22.642,-1.11,-1.11,-1.11,-1.11,-1.11,-1.11
229,135700,2300,-6.977,22.516,-1.16,-1.16,-1.16,-1.16,-1.16,-1.16
230,136290,2310,-7.103,22.563,-1.18,-1.18,-1.18,-1.18,-1.18,-1.18
231,136880,2320,-7.369,22.548,-1.23,-1.23,-1.23,-1.23,-1.23,-1.23
232,137470,2330,-7.842,22.563,-1.31,-1.31,-1.31,-1.31,-1.31,-1.31
233,138060,2340,-7.242,22.548,-1.21,-1.21,-1.21,-1.21,-1.21,-1.21
234,138650,2350,-7.215,22.548,-1.2,-1.2,-1.2,-1.2,-1.2,-1.2
235,139240,2360,-6.793,22.517,-1.13,-1.13,-1.13,-1.13,-1.13,-1.13
236,139830,2370,-6.657,22.563,-1.11,-1.11,-1.11,-1.11,-1.11,-1.11
237,140420,2380,-7.92,22.532,-1.32,-1.32,-1.32,-1.32,-1.32,-1.32
238,141010,2390,-7.55,22.485,-1.26,-1.26,-1.26,-1.26,-1.26,-1.26
239,141600,2400,-6.716,22.501,-1.12,-1.12,-1.12,-1.12,-1.12,-1.12
240,142190,2410,-6.772,22.516,-1.13,-1.13,-1.13,-1.13,-1.13,-1.13
241,142780,2420,-6.675,22.626,-1.11,-1.11,-1.11,-1.11,-1.11,-1.11
242,143370,2430,-7.193,22.641,-1.2,-1.2,-1.2,-1.2,-1.2,-1.2
243,143960,2440,-7.759,22.563,-1.29,-1.29,-1.29,-1.29,-1.29,-1.29
244,144550,2450,-6.847,22.516,-1.14,-1.14,-1.14,-1.14,-1.14,-1.14
245,145140,2460,-6.877,22.532,-1.15,-1.15,-1.15,-1.15,-1.15,-1.15
246,145730,2470,-6.736,22.501,-1.12,-1.12,-1.12,-1.12,-1.12,-1.12
247,146320,2480,-6.489,22.517,-1.08,-1.08,-1.08,-1.08,-1.08,-1.08
248,146910,2490,-7.134,22.532,-1.19,-1.19,-1.19,-1.19,-1.19,-1.19
249,147500,2500,-7.878,22.501,-1.31,-1.31,-1.31,-1.31,-1.31,-1.31
250,148090,2510,-7.087,22.579,-1.18,-1.18,-1.18,-1.18,-1.18,-1.18
251,148680,2520,-6.725,22.595,-1.12,-1.12,-1.12,-1.12,-1.12,-1.12
252,149270,2530,-6.547,22.61,-1.09,-1.09,-1.09,-1.09,-1.09,-1.09
253,149860,2540,-6.785,22.704,-1.13,-1.13,-1.13,-1.13,-1.13,-1.13
254,150450,2550,-8.287,22.61,-1.38,-1.38,-1.38,-1.38,-1.38,-1.38
255,151040,2560,-6.777,22.61,-1.13,-1.13,-1.13,-1.13,-1.13,-1.13
256,151630,2570,-6.716,22.516,-1.12,-1.12,-1.12,-1.12,-1.12,-1.12
257,152220,2580,-6.985,22.517,-1.16,-1.16,-1.16,-1.16,-1.16,-1.16
258,152810,2590,-6.7,22.501,-1.12,-1.12,-1.12,-1.12,-1.12,-1.12
259,153400,2600,-6.937,22.532,-1.16,-1.16,-1.16,-1.16,-1.16,-1.16
260,153990,2610,-7.535,22.548,-1.26,-1.26,-1.26,-1.26,-1.26,-1.26
261,154580,2620,-7.034,22.548,-1.17,-1.17,-1.17,-1.17,-1.17,-1.17
262,155170,2630,-7.009,22.563,-1.17,-1.17,-1.17,-1.17,-1.17,-1.17
263,155760,2640,-6.643,22.548,-1.11,-1.11,-1.11,-1.11,-1.11,-1.11
264,156350,2650,-6.397,22.563,-1.07,-1.07,-1.07,-1.07,-1.07,-1.07
265,156940,2660,-7.649,22.579,-1.27,-1.27,-1.27,-1.27,-1.27,-1.27
266,157530,2670,-7.378,22.72,-1.23,-1.23,-1.23,-1.23,-1.23,-1.23
267,158120,2680,-6.715,22.86,-1.12,-1.12,-1.12,-1.12,-1.12,-1.12
268,158710,2690,-6.787,23.392,-1.13,-1.13,-1.13,-1.13,-1.13,-1.13
269,159300,2700,-6.693,23.173,-1.12,-1.12,-1.12,-1.12,-1.12,-1.12
270,159890,2710,-7.053,22.72,-1.18,-1.18,-1.18,-1.18,-1.18,-1.18
271,160480,2720,-7.647,22.642,-1.27,-1.27,-1.27,-1.27,-1.27,-1.27
272,161070,2730,-6.72,22.657,-1.12,-1.12,-1.12,-1.12,-1.12,-1.12
273,161660,2740,-6.937,22.86,-1.16,-1.16,-1.16,-1.16,-1.16,-1.16
274,162250,2750,-6.754,22.595,-1.13,-1.13,-1.13,-1.13,-1.13,-1.13
275,162840,2760,-6.578,22.548,-1.1,-1.1,-1.1,-1.1,-1.1,-1.1
276,163430,2770,-6.93,22.532,-1.15,-1.15,-1.15,-1.15,-1.15,-1.15
277,164020,2780,-7.834,22.532,-1.31,-1.31,-1.31,-1.31,-1.31,-1.31
278,164610,2790,-6.922,22.532,-1.15,-1.15,-1.15,-1.15,-1.15,-1.15
279,165200,2800,-6.821,22.548,-1.14,-1.14,-1.14,-1.14,-1.14,-1.14
280,165790,2810,-6.626,22.673,-1.1,-1.1,-1.1,-1.1,-1.1,-1.1
281,166380,2820,-6.602,22.563,-1.1,-1.1,-1.1,-1.1,-1.1,-1.1
282,166970,2830,-8.218,22.579,-1.37,-1.37,-1.37,-1.37,-1.37,-1.37
283,167560,2840,-6.696,22.579,-1.12,-1.12,-1.12,-1.12,-1.12,-1.12
284,168150,2850,-6.602,22.61,-1.1,-1.1,-1.1,-1.1,-1.1,-1.1
285,168740,2860,-6.854,22.657,-1.14,-1.14,-1.14,-1.14,-1.14,-1.14
286,169330,2870,-6.635,22.735,-1.11,-1.11,-1.11,-1.11,-1.11,-1.11
287,169920,2880,-6.937,22.72,-1.16,-1.16,-1.16,-1.16,-1.16,-1.16
288,170510,2890,-7.426,22.704,-1.24,-1.24,-1.24,-1.24,-1.24,-1.24
289,171100,2900,-6.797,22.813,-1.13,-1.13,-1.13,-1.13,-1.13,-1.13
290,171690,2910,-6.868,22.767,-1.14,-1.14,-1.14,-1.14,-1.14,-1.14
291,172280,2920,-6.64,22.688,-1.11,-1.11,-1.11,-1.11,-1.11,-1.11
292,172870,2930,-6.462,22.673,-1.08,-1.08,-1.08,-1.08,-1.08,-1.08
293,173460,2940,-7.72,22.548,-1.29,-1.29,-1.29,-1.29,-1.29,-1.29
294,174050,2950,-7.445,22.519,-1.24,-1.24,-1.24,-1.24,-1.24,-1.24
295,174640,2960,-6.517,22.499,-1.09,-1.09,-1.09,-1.09,-1.09,-1.09
296,175230,2970,-6.722,22.517,-1.12,-1.12,-1.12,-1.12,-1.12,-1.12
297,175820,2980,-6.806,22.516,-1.13,-1.13,-1.13,-1.13,-1.13,-1.13
298,176410,2990,-7.078,22.688,-1.18,-1.18,-1.18,-1.18,-1.18,-1.18
299,177000,3000,-7.548,22.626,-1.26,-1.26,-1.26,-1.26,-1.26,-1.26
300,177590,3010,-6.678,22.626,-1.11,-1.11,-1.11,-1.11,-1.11,-1.11
301,178180,3020,-6.857,22.642,-1.14,-1.14,-1.14,-1.14,-1.14,-1.14
302,178770,3030,-6.806,22.688,-1.13,-1.13,-1.13,-1.13,-1.13,-1.13
303,179360,3040,-6.5,22.72,-1.08,-1.08,-1.08,-1.08,-1.08,-1.08
304,179950,3050,-6.805,22.657,-1.13,-1.13,-1.13,-1.13,-1.13,-1.13
305,180540,3060,-7.814,22.501,-1.3,-1.3,-1.3,-1.3,-1.3,-1.3
306,181130,3070,-7.062,22.517,-1.18,-1.18,-1.18,-1.18,-1.18,-1.18
307,181720,3080,-6.705,22.517,-1.12,-1.12,-1.12,-1.12,-1.12,-1.12
308,182310,3090,-6.485,22.517,-1.08,-1.08,-1.08,-1.08,-1.08,-1.08
309,182900,3100,-6.698,22.579,-1.12,-1.12,-1.12,-1.12,-1.12,-1.12
310,183490,3110,-8.072,22.579,-1.35,-1.35,-1.35,-1.35,-1.35,-1.35
311,184080,3120,-6.877,22.548,-1.15,-1.15,-1.15,-1.15,-1.15,-1.15
312,184670,3130,-6.579,22.532,-1.1,-1.1,-1.1,-1.1,-1.1,-1.1
313,185260,3140,-6.786,22.548,-1.13,-1.13,-1.13,-1.13,-1.13,-1.13
314,185850,3150,-6.561,22.579,-1.09,-1.09,-1.09,-1.09,-1.09,-1.09
315,186440,3160,-7.037,23.923,-1.17,-1.17,-1.17,-1.17,-1.17,-1.17
316,187030,3170,-7.493,26.048,-1.25,-1.25,-1.25,-1.25,-1.25,-1.25
317,187620,3180,-6.874,27.751,-1.15,-1.15,-1.15,-1.15,-1.15,-1.15
318,188210,3190,-6.974,28.642,-1.16,-1.16,-1.16,-1.16,-1.16,-1.16
319,188800,3200,-6.456,23.814,-1.08,-1.08,-1.08,-1.08,-1.08,-1.08
320,189390,3210,-6.62,22.563,-1.1,-1.1,-1.1,-1.1,-1.1,-1.1
321,189980,3220,-7.696,22.516,-1.28,-1.28,-1.28,-1.28,-1.28,-1.28
322,190570,3230,-7.383,22.532,-1.23,-1.23,-1.23,-1.23,-1.23,-1.23
323,191160,3240,-6.75,22.501,-1.13,-1.13,-1.13,-1.13,-1.13,-1.13
324,191750,3250,-6.617,22.642,-1.1,-1.1,-1.1,-1.1,-1.1,-1.1
325,192340,3260,-6.557,22.563,-1.09,-1.09,-1.09,-1.09,-1.09,-1.09
326,192930,3270,-7.016,22.673,-1.17,-1.17,-1.17,-1.17,-1.17,-1.17
327,193520,3280,-7.659,22.688,-1.28,-1.28,-1.28,-1.28,-1.28,-1.28
328,194110,3290,-6.709,22.688,-1.12,-1.12,-1.12,-1.12,-1.12,-1.12
329,194700,3300,-6.787,22.688,-1.13,-1.13,-1.13,-1.13,-1.13,-1.13
330,195290,3310,-6.72,22.704,-1.12,-1.12,-1.12,-1.12,-1.12,-1.12
331,195880,3320,-6.542,22.704,-1.09,-1.09,-1.09,-1.09,-1.09,-1.09
332,196470,3330,-7.013,22.688,-1.17,-1.17,-1.17,-1.17,-1.17,-1.17
333,197060,3340,-7.792,22.688,-1.3,-1.3,-1.3,-1.3,-1.3,-1.3
334,197650,3350,-6.74,22.673,-1.12,-1.12,-1.12,-1.12,-1.12,-1.12
335,198240,3360,-6.703,23.392,-1.12,-1.12,-1.12,-1.12,-1.12,-1.12
336,198830,3370,-6.63,22.657,-1.11,-1.11,-1.11,-1.11,-1.11,-1.11
337,199420,3380,-6.495,22.704,-1.08,-1.08,-1.08,-1.08,-1.08,-1.08
338,200010,3390,-8.066,22.704,-1.34,-1.34,-1.34,-1.34,-1.34,-1.34
339,200600,3400,-6.726,22.72,-1.12,-1.12,-1.12,-1.12,-1.12,-1.12
340,201190,3410,-6.735,22.688,-1.12,-1.12,-1.12,-1.12,-1.12,-1.12
341,201780,3420,-6.995,22.673,-1.17,-1.17,-1.17,-1.17,-1.17,-1.17
342,202370,3430,-6.598,22.829,-1.1,-1.1,-1.1,-1.1,-1.1,-1.1
343,202960,3440,-7.05,23.235,-1.17,-1.17,-1.17,-1.17,-1.17,-1.17
344,203550,3450,-7.607,22.766,-1.27,-1.27,-1.27,-1.27,-1.27,-1.27
345,204140,3460,-6.854,22.688,-1.14,-1.14,-1.14,-1.14,-1.14,-1.14
346,204730,3470,-6.949,22.658,-1.16,-1.16,-1.16,-1.16,-1.16,-1.16
347,205320,3480,-6.631,22.625,-1.11,-1.11,-1.11,-1.11,-1.11,-1.11
348,205910,3490,-6.508,22.735,-1.08,-1.08,-1.08,-1.08,-1.08,-1.08
349,206500,3500,-7.587,22.767,-1.26,-1.26,-1.26,-1.26,-1.26,-1.26
350,207090,3510,-7.231,22.626,-1.21,-1.21,-1.21,-1.21,-1.21,-1.21
351,207680,3520,-6.661,22.642,-1.11,-1.11,-1.11,-1.11,-1.11,-1.11
352,208270,3530,-6.784,22.563,-1.13,-1.13,-1.13,-1.13,-1.13,-1.13
353,208860,3540,-6.621,22.595,-1.1,-1.1,-1.1,-1.1,-1.1,-1.1
354,209450,3550,-7.141,22.595,-1.19,-1.19,-1.19,-1.19,-1.19,-1.19
355,210040,3560,-7.434,22.548,-1.24,-1.24,-1.24,-1.24,-1.24,-1.24
356,210630,3570,-6.705,22.579,-1.12,-1.12,-1.12,-1.12,-1.12,-1.12
357,211220,3580,-6.831,22.563,-1.14,-1.14,-1.14,-1.14,-1.14,-1.14
358,211810,3590,-6.792,22.563,-1.13,-1.13,-1.13,-1.13,-1.13,-1.13
359,212400,3600,-6.586,22.549,-1.1,-1.1,-1.1,-1.1,-1.1,-1.1
360,212990,3610,-6.918,22.624,-1.15,-1.15,-1.15,-1.15,-1.15,-1.15
361,213580,3620,-7.965,22.517,-1.33,-1.33,-1.33,-1.33,-1.33,-1.33
362,214170,3630,-6.714,22.501,-1.12,-1.12,-1.12,-1.12,-1.12,-1.12
363,214760,3640,-6.564,22.532,-1.09,-1.09,-1.09,-1.09,-1.09,-1.09
364,215350,3650,-6.422,22.501,-1.07,-1.07,-1.07,-1.07,-1.07,-1.07
365,215940,3660,-6.603,22.501,-1.1,-1.1,-1.1,-1.1,-1.1,-1.1
366,216530,3670,-8.155,22.501,-1.36,-1.36,-1.36,-1.36,-1.36,-1.36
367,217120,3680,-6.709,22.517,-1.12,-1.12,-1.12,-1.12,-1.12,-1.12
368,217710,3690,-6.622,22.501,-1.1,-1.1,-1.1,-1.1,-1.1,-1.1
369,218300,3700,-6.89,22.501,-1.15,-1.15,-1.15,-1.15,-1.15,-1.15
370,218890,3710,-6.558,22.501,-1.09,-1.09,-1.09,-1.09,-1.09,-1.09
371,219480,3720,-6.763,22.485,-1.13,-1.13,-1.13,-1.13,-1.13,-1.13
372,220070,3730,-7.356,22.501,-1.23,-1.23,-1.23,-1.23,-1.23,-1.23
373,220660,3740,-6.833,22.501,-1.14,-1.14,-1.14,-1.14,-1.14,-1.14
374,221250,3750,-6.904,22.501,-1.15,-1.15,-1.15,-1.15,-1.15,-1.15
375,221840,3760,-6.526,22.501,-1.09,-1.09,-1.09,-1.09,-1.09,-1.09
376,222430,3770,-6.394,22.47,-1.07,-1.07,-1.07,-1.07,-1.07,-1.07
377,223020,3780,-7.622,22.47,-1.27,-1.27,-1.27,-1.27,-1.27,-1.27
378,223610,3790,-7.2,22.516,-1.2,-1.2,-1.2,-1.2,-1.2,-1.2
379,224200,3800,-6.625,22.517,-1.1,-1.1,-1.1,-1.1,-1.1,-1.1
380,224790,3810,-6.702,22.516,-1.12,-1.12,-1.12,-1.12,-1.12,-1.12
381,225380,3820,-6.624,22.485,-1.1,-1.1,-1.1,-1.1,-1.1,-1.1
382,225970,3830,-7.212,22.501,-1.2,-1.2,-1.2,-1.2,-1.2,-1.2
383,226560,3840,-7.489,22.516,-1.25,-1.25,-1.25,-1.25,-1.25,-1.25
384,227150,3850,-6.795,22.485,-1.13,-1.13,-1.13,-1.13,-1.13,-1.13
385,227740,3860,-6.714,22.579,-1.12,-1.12,-1.12,-1.12,-1.12,-1.12
386,228330,3870,-6.653,22.548,-1.11,-1.11,-1.11,-1.11,-1.11,-1.11
387,228920,3880,-6.498,22.501,-1.08,-1.08,-1.08,-1.08,-1.08,-1.08
388,229510,3890,-6.972,22.485,-1.16,-1.16,-1.16,-1.16,-1.16,-1.16
389,230100,3900,-7.85,22.563,-1.31,-1.31,-1.31,-1.31,-1.31,-1.31
390,230690,3910,-6.771,22.548,-1.13,-1.13,-1.13,-1.13,-1.13,-1.13
391,231280,3920,-6.709,22.516,-1.12,-1.12,-1.12,-1.12,-1.12,-1.12
392,231870,3930,-6.522,22.532,-1.09,-1.09,-1.09,-1.09,-1.09,-1.09
393,232460,3940,-6.703,22.595,-1.12,-1.12,-1.12,-1.12,-1.12,-1.12
394,233050,3950,-8.039,22.767,-1.34,-1.34,-1.34,-1.34,-1.34,-1.34
395,233640,3960,-6.769,22.641,-1.13,-1.13,-1.13,-1.13,-1.13,-1.13
396,234230,3970,-6.703,22.626,-1.12,-1.12,-1.12,-1.12,-1.12,-1.12
397,234820,3980,-6.747,22.595,-1.12,-1.12,-1.12,-1.12,-1.12,-1.12
398,235410,3990,-6.552,22.532,-1.09,-1.09,-1.09,-1.09,-1.09,-1.09
399,236000,4000,-7.095,22.532,-1.18,-1.18,-1.18,-1.18,-1.18,-1.18
400,236590,4010,-7.596,23.001,-1.27,-1.27,-1.27,-1.27,-1.27,-1.27
401,237180,4020,-6.963,22.657,-1.16,-1.16,-1.16,-1.16,-1.16,-1.16
402,237770,4030,-6.868,22.657,-1.14,-1.14,-1.14,-1.14,-1.14,-1.14
403,238360,4040,-6.617,22.532,-1.1,-1.1,-1.1,-1.1,-1.1,-1.1
404,238950,4050,-6.432,22.516,-1.07,-1.07,-1.07,-1.07,-1.07,-1.07
405,239540,4060,-7.666,22.532,-1.28,-1.28,-1.28,-1.28,-1.28,-1.28
406,240130,4070,-7.258,22.532,-1.21,-1.21,-1.21,-1.21,-1.21,-1.21
407,240720,4080,-6.645,22.563,-1.11,-1.11,-1.11,-1.11,-1.11,-1.11
408,241310,4090,-6.614,22.595,-1.1,-1.1,-1.1,-1.1,-1.1,-1.1
409,241900,4100,-6.639,22.626,-1.11,-1.11,-1.11,-1.11,-1.11,-1.11
410,242490,4110,-7.029,22.61,-1.17,-1.17,-1.17,-1.17,-1.17,-1.17
411,243080,4120,-7.491,22.657,-1.25,-1.25,-1.25,-1.25,-1.25,-1.25
412,243670,4130,-6.714,22.72,-1.12,-1.12,-1.12,-1.12,-1.12,-1.12
413,244260,4140,-6.989,22.72,-1.16,-1.16,-1.16,-1.16,-1.16,-1.16
414,244850,4150,-6.597,22.751,-1.1,-1.1,-1.1,-1.1,-1.1,-1.1
415,245440,4160,-6.506,22.798,-1.08,-1.08,-1.08,-1.08,-1.08,-1.08
416,246030,4170,-6.909,22.829,-1.15,-1.15,-1.15,-1.15,-1.15,-1.15
417,246620,4180,-7.954,22.657,-1.33,-1.33,-1.33,-1.33,-1.33,-1.33
418,247210,4190,-6.909,22.688,-1.15,-1.15,-1.15,-1.15,-1.15,-1.15
419,247800,4200,-6.545,22.595,-1.09,-1.09,-1.09,-1.09,-1.09,-1.09
420,248390,4210,-6.422,22.516,-1.07,-1.07,-1.07,-1.07,-1.07,-1.07
421,248980,4220,-6.721,22.517,-1.12,-1.12,-1.12,-1.12,-1.12,-1.12
422,249570,4230,-8.204,22.517,-1.37,-1.37,-1.37,-1.37,-1.37,-1.37
423,250160,4240,-6.801,22.579,-1.13,-1.13,-1.13,-1.13,-1.13,-1.13
424,250750,4250,-6.527,22.642,-1.09,-1.09,-1.09,-1.09,-1.09,-1.09
425,251340,4260,-6.715,22.673,-1.12,-1.12,-1.12,-1.12,-1.12,-1.12
426,251930,4270,-6.694,22.548,-1.12,-1.12,-1.12,-1.12,-1.12,-1.12
427,252520,4280,-6.949,22.548,-1.16,-1.16,-1.16,-1.16,-1.16,-1.16
428,253110,4290,-7.609,22.579,-1.27,-1.27,-1.27,-1.27,-1.27,-1.27
429,253700,4300,-6.858,22.821,-1.14,-1.14,-1.14,-1.14,-1.14,-1.14
430,254290,4310,-6.643,23.462,-1.11,-1.11,-1.11,-1.11,-1.11,-1.11
431,254880,4320,-6.747,25.845,-1.12,-1.12,-1.12,-1.12,-1.12,-1.12
432,255470,4330,-6.497,27.173,-1.08,-1.08,-1.08,-1.08,-1.08,-1.08
433,256060,4340,-7.585,28.61,-1.26,-1.26,-1.26,-1.26,-1.26,-1.26
434,256650,4350,-7.438,24.673,-1.24,-1.24,-1.24,-1.24,-1.24,-1.24
435,257240,4360,-6.629,22.72,-1.1,-1.1,-1.1,-1.1,-1.1,-1.1
436,257830,4370,-6.62,22.595,-1.1,-1.1,-1.1,-1.1,-1.1,-1.1
437,258420,4380,-6.546,22.688,-1.09,-1.09,-1.09,-1.09,-1.09,-1.09
438,259010,4390,-7.137,22.704,-1.19,-1.19,-1.19,-1.19,-1.19,-1.19
439,259600,4400,-7.629,22.704,-1.27,-1.27,-1.27,-1.27,-1.27,-1.27
440,260190,4410,-6.734,23.017,-1.12,-1.12,-1.12,-1.12,-1.12,-1.12
441,260780,4420,-6.635,22.61,-1.11,-1.11,-1.11,-1.11,-1.11,-1.11
442,261370,4430,-6.678,22.579,-1.11,-1.11,-1.11,-1.11,-1.11,-1.11
443,261960,4440,-6.425,22.595,-1.07,-1.07,-1.07,-1.07,-1.07,-1.07
444,262550,4450,-6.989,22.548,-1.16,-1.16,-1.16,-1.16,-1.16,-1.16
445,263140,4460,-7.722,22.516,-1.29,-1.29,-1.29,-1.29,-1.29,-1.29
446,263730,4470,-6.828,22.517,-1.14,-1.14,-1.14,-1.14,-1.14,-1.14
447,264320,4480,-6.643,22.501,-1.11,-1.11,-1.11,-1.11,-1.11,-1.11
448,264910,4490,-6.516,22.688,-1.09,-1.09,-1.09,-1.09,-1.09,-1.09
449,265500,4500,-6.667,22.72,-1.11,-1.11,-1.11,-1.11,-1.11,-1.11
450,266090,4510,-8.066,22.673,-1.34,-1.34,-1.34,-1.34,-1.34,-1.34
451,266680,4520,-6.598,22.61,-1.1,-1.1,-1.1,-1.1,-1.1,-1.1
452,267270,4530,-6.542,22.595,-1.09,-1.09,-1.09,-1.09,-1.09,-1.09
453,267860,4540,-6.684,22.548,-1.11,-1.11,-1.11,-1.11,-1.11,-1.11
454,268450,4550,-6.456,22.61,-1.08,-1.08,-1.08,-1.08,-1.08,-1.08
455,269040,4560,-6.827,22.86,-1.14,-1.14,-1.14,-1.14,-1.14,-1.14
456,269630,4570,-7.761,22.61,-1.29,-1.29,-1.29,-1.29,-1.29,-1.29
457,270220,4580,-6.845,22.61,-1.14,-1.14,-1.14,-1.14,-1.14,-1.14
458,270810,4590,-6.828,22.548,-1.14,-1.14,-1.14,-1.14,-1.14,-1.14
459,271400,4600,-6.556,22.532,-1.09,-1.09,-1.09,-1.09,-1.09,-1.09
460,271990,4610,-6.617,22.517,-1.1,-1.1,-1.1,-1.1,-1.1,-1.1
461,272580,4620,-7.726,22.517,-1.29,-1.29,-1.29,-1.29,-1.29,-1.29
462,273170,4630,-7.275,22.72,-1.21,-1.21,-1.21,-1.21,-1.21,-1.21
463,273760,4640,-6.486,22.642,-1.08,-1.08,-1.08,-1.08,-1.08,-1.08
464,274350,4650,-6.557,22.626,-1.09,-1.09,-1.09,-1.09,-1.09,-1.09
465,274940,4660,-6.595,22.595,-1.1,-1.1,-1.1,-1.1,-1.1,-1.1
466,275530,4670,-7.179,22.595,-1.2,-1.2,-1.2,-1.2,-1.2,-1.2
467,276120,4680,-7.45,22.563,-1.24,-1.24,-1.24,-1.24,-1.24,-1.24
468,276710,4690,-6.612,22.548,-1.1,-1.1,-1.1,-1.1,-1.1,-1.1
469,277300,4700,-6.971,22.767,-1.16,-1.16,-1.16,-1.16,-1.16,-1.16
470,277890,4710,-6.573,22.61,-1.1,-1.1,-1.1,-1.1,-1.1,-1.1
471,278480,4720,-6.645,22.517,-1.11,-1.11,-1.11,-1.11,-1.11,-1.11
472,279070,4730,-6.803,22.516,-1.13,-1.13,-1.13,-1.13,-1.13,-1.13
473,279660,4740,-7.618,22.61,-1.27,-1.27,-1.27,-1.27,-1.27,-1.27
474,280250,4750,-6.666,22.72,-1.11,-1.11,-1.11,-1.11,-1.11,-1.11
475,280840,4760,-6.573,22.579,-1.1,-1.1,-1.1,-1.1,-1.1,-1.1
476,281430,4770,-6.521,22.533,-1.09,-1.09,-1.09,-1.09,-1.09,-1.09
477,282020,4780,-6.626,22.594,-1.1,-1.1,-1.1,-1.1,-1.1,-1.1
478,282610,4790,-8.143,22.532,-1.36,-1.36,-1.36,-1.36,-1.36,-1.36
479,283200,4800,-6.674,22.517,-1.11,-1.11,-1.11,-1.11,-1.11,-1.11
480,283790,4810,-6.502,22.516,-1.08,-1.08,-1.08,-1.08,-1.08,-1.08
481,284380,4820,-6.638,22.563,-1.11,-1.11,-1.11,-1.11,-1.11,-1.11
482,284970,4830,-6.543,22.798,-1.09,-1.09,-1.09,-1.09,-1.09,-1.09
483,285560,4840,-6.858,22.61,-1.14,-1.14,-1.14,-1.14,-1.14,-1.14
484,286150,4850,-7.667,22.579,-1.28,-1.28,-1.28,-1.28,-1.28,-1.28
485,286740,4860,-6.731,22.751,-1.12,-1.12,-1.12,-1.12,-1.12,-1.12
486,287330,4870,-6.665,22.72,-1.11,-1.11,-1.11,-1.11,-1.11,-1.11
487,287920,4880,-6.46,22.673,-1.08,-1.08,-1.08,-1.08,-1.08,-1.08
488,288510,4890,-6.418,22.61,-1.07,-1.07,-1.07,-1.07,-1.07,-1.07
489,289100,4900,-7.553,22.61,-1.26,-1.26,-1.26,-1.26,-1.26,-1.26
490,289690,4910,-7.261,22.595,-1.21,-1.21,-1.21,-1.21,-1.21,-1.21
491,290280,4920,-6.404,22.642,-1.07,-1.07,-1.07,-1.07,-1.07,-1.07
492,290870,4930,-6.538,22.579,-1.09,-1.09,-1.09,-1.09,-1.09,-1.09
493,291460,4940,-6.598,22.563,-1.1,-1.1,-1.1,-1.1,-1.1,-1.1
494,292050,4950,-7.058,23.517,-1.18,-1.18,-1.18,-1.18,-1.18,-1.18
495,292640,4960,-7.592,22.625,-1.27,-1.27,-1.27,-1.27,-1.27,-1.27
496,293230,4970,-6.744,22.595,-1.12,-1.12,-1.12,-1.12,-1.12,-1.12
497,293820,4980,-6.759,22.517,-1.13,-1.13,-1.13,-1.13,-1.13,-1.13
498,294410,4990,-6.672,22.532,-1.11,-1.11,-1.11,-1.11,-1.11,-1.11
499,295000,5000,-6.639,22.517,-1.11,-1.11,-1.11,-1.11,-1.11,-1.11
500,295590,5010,-6.898,22.517,-1.15,-1.15,-1.15,-1.15,-1.15,-1.15
501,296180,5020,-7.723,22.501,-1.29,-1.29,-1.29,-1.29,-1.29,-1.29
502,296770,5030,-6.95,22.579,-1.16,-1.16,-1.16,-1.16,-1.16,-1.16
503,297360,5040,-6.527,22.579,-1.09,-1.09,-1.09,-1.09,-1.09,-1.09
504,297950,5050,-6.545,22.626,-1.09,-1.09,-1.09,-1.09,-1.09,-1.09
505,298540,5060,-6.52,22.657,-1.09,-1.09,-1.09,-1.09,-1.09,-1.09
506,299130,5070,-8.081,22.688,-1.35,-1.35,-1.35,-1.35,-1.35,-1.35
507,299720,5080,-6.736,22.8,-1.12,-1.12,-1.12,-1.12,-1.12,-1.12
508,300310,5090,-6.61,22.78,-1.1,-1.1,-1.1,-1.1,-1.1,-1.1
509,300900,5100,-6.654,22.704,-1.11,-1.11,-1.11,-1.11,-1.11,-1.11
510,301490,5110,-6.673,22.72,-1.11,-1.11,-1.11,-1.11,-1.11,-1.11
511,302080,5120,-6.956,22.704,-1.16,-1.16,-1.16,-1.16,-1.16,-1.16
512,302670,5130,-7.601,22.673,-1.27,-1.27,-1.27,-1.27,-1.27,-1.27
513,303260,5140,-6.687,22.704,-1.11,-1.11,-1.11,-1.11,-1.11,-1.11
514,303850,5150,-6.736,22.673,-1.12,-1.12,-1.12,-1.12,-1.12,-1.12
515,304440,5160,-6.464,22.751,-1.08,-1.08,-1.08,-1.08,-1.08,-1.08
516,305030,5170,-6.481,22.86,-1.08,-1.08,-1.08,-1.08,-1.08,-1.08
517,305620,5180,-7.673,22.579,-1.28,-1.28,-1.28,-1.28,-1.28,-1.28
518,306210,5190,-7.285,22.61,-1.21,-1.21,-1.21,-1.21,-1.21,-1.21
519,306800,5200,-6.688,22.532,-1.11,-1.11,-1.11,-1.11,-1.11,-1.11
520,307390,5210,-6.642,22.532,-1.11,-1.11,-1.11,-1.11,-1.11,-1.11
521,307980,5220,-6.434,22.532,-1.07,-1.07,-1.07,-1.07,-1.07,-1.07
522,308570,5230,-7.163,22.532,-1.19,-1.19,-1.19,-1.19,-1.19,-1.19
523,309160,5240,-7.588,22.72,-1.26,-1.26,-1.26,-1.26,-1.26,-1.26
524,309750,5250,-6.671,22.766,-1.11,-1.11,-1.11,-1.11,-1.11,-1.11
525,310340,5260,-6.784,22.735,-1.13,-1.13,-1.13,-1.13,-1.13,-1.13
526,310930,5270,-6.683,22.673,-1.11,-1.11,-1.11,-1.11,-1.11,-1.11
527,311520,5280,-6.35,22.704,-1.06,-1.06,-1.06,-1.06,-1.06,-1.06
528,312110,5290,-6.77,22.704,-1.13,-1.13,-1.13,-1.13,-1.13,-1.13
529,312700,5300,-7.844,22.688,-1.31,-1.31,-1.31,-1.31,-1.31,-1.31
530,313290,5310,-6.638,22.657,-1.11,-1.11,-1.11,-1.11,-1.11,-1.11
531,313880,5320,-6.457,22.627,-1.08,-1.08,-1.08,-1.08,-1.08,-1.08
532,314470,5330,-6.509,22.844,-1.08,-1.08,-1.08,-1.08,-1.08,-1.08
533,315060,5340,-6.606,22.767,-1.1,-1.1,-1.1,-1.1,-1.1,-1.1
534,315650,5350,-8.129,22.657,-1.35,-1.35,-1.35,-1.35,-1.35,-1.35
535,316240,5360,-6.575,22.532,-1.1,-1.1,-1.1,-1.1,-1.1,-1.1
536,316830,5370,-6.673,22.532,-1.11,-1.11,-1.11,-1.11,-1.11,-1.11
537,317420,5380,-6.668,22.518,-1.11,-1.11,-1.11,-1.11,-1.11,-1.11
538,318010,5390,-6.795,22.516,-1.13,-1.13,-1.13,-1.13,-1.13,-1.13
539,318600,5400,-7.028,22.517,-1.17,-1.17,-1.17,-1.17,-1.17,-1.17
540,319190,5410,-7.808,22.532,-1.3,-1.3,-1.3,-1.3,-1.3,-1.3
541,319780,5420,-6.972,22.579,-1.16,-1.16,-1.16,-1.16,-1.16,-1.16
542,320370,5430,-6.748,22.548,-1.12,-1.12,-1.12,-1.12,-1.12,-1.12
543,320960,5440,-6.522,22.532,-1.09,-1.09,-1.09,-1.09,-1.09,-1.09
544,321550,5450,-6.708,22.517,-1.12,-1.12,-1.12,-1.12,-1.12,-1.12
545,322140,5460,-7.761,23.251,-1.29,-1.29,-1.29,-1.29,-1.29,-1.29
546,322730,5470,-7.359,26.032,-1.23,-1.23,-1.23,-1.23,-1.23,-1.23
547,323320,5480,-6.665,27.22,-1.11,-1.11,-1.11,-1.11,-1.11,-1.11
548,323910,5490,-6.49,28.986,-1.08,-1.08,-1.08,-1.08,-1.08,-1.08
549,324500,5500,-6.48,25.235,-1.08,-1.08,-1.08,-1.08,-1.08,-1.08
550,325090,5510,-7.086,22.86,-1.18,-1.18,-1.18,-1.18,-1.18,-1.18
551,325680,5520,-7.571,22.579,-1.26,-1.26,-1.26,-1.26,-1.26,-1.26
552,326270,5530,-6.759,22.548,-1.13,-1.13,-1.13,-1.13,-1.13,-1.13
553,326860,5540,-6.672,22.626,-1.11,-1.11,-1.11,-1.11,-1.11,-1.11
554,327450,5550,-6.576,22.563,-1.1,-1.1,-1.1,-1.1,-1.1,-1.1
555,328040,5560,-6.477,22.533,-1.08,-1.08,-1.08,-1.08,-1.08,-1.08
556,328630,5570,-6.955,22.532,-1.16,-1.16,-1.16,-1.16,-1.16,-1.16
557,329220,5580,-7.814,22.563,-1.3,-1.3,-1.3,-1.3,-1.3,-1.3
558,329810,5590,-6.871,22.579,-1.15,-1.15,-1.15,-1.15,-1.15,-1.15
559,330400,5600,-6.639,22.61,-1.11,-1.11,-1.11,-1.11,-1.11,-1.11
560,330990,5610,-6.451,22.626,-1.08,-1.08,-1.08,-1.08,-1.08,-1.08
561,331580,5620,-6.525,22.657,-1.09,-1.09,-1.09,-1.09,-1.09,-1.09
562,332170,5630,-8.128,22.626,-1.35,-1.35,-1.35,-1.35,-1.35,-1.35
563,332760,5640,-6.748,22.673,-1.12,-1.12,-1.12,-1.12,-1.12,-1.12
564,333350,5650,-6.73,22.641,-1.12,-1.12,-1.12,-1.12,-1.12,-1.12
565,333940,5660,-6.65,22.641,-1.11,-1.11,-1.11,-1.11,-1.11,-1.11
566,334530,5670,-6.643,22.657,-1.11,-1.11,-1.11,-1.11,-1.11,-1.11
567,335120,5680,-7.074,22.641,-1.18,-1.18,-1.18,-1.18,-1.18,-1.18
568,335710,5690,-7.576,22.563,-1.26,-1.26,-1.26,-1.26,-1.26,-1.26
569,336300,5700,-6.855,22.595,-1.14,-1.14,-1.14,-1.14,-1.14,-1.14
570,336890,5710,-6.867,22.579,-1.14,-1.14,-1.14,-1.14,-1.14,-1.14
571,337480,5720,-6.531,22.954,-1.09,-1.09,-1.09,-1.09,-1.09,-1.09
572,338070,5730,-6.413,23.079,-1.07,-1.07,-1.07,-1.07,-1.07,-1.07
573,338660,5740,-7.581,22.641,-1.26,-1.26,-1.26,-1.26,-1.26,-1.26
574,339250,5750,-7.496,22.657,-1.25,-1.25,-1.25,-1.25,-1.25,-1.25
575,339840,5760,-6.482,22.657,-1.08,-1.08,-1.08,-1.08,-1.08,-1.08
576,340430,5770,-6.522,22.642,-1.09,-1.09,-1.09,-1.09,-1.09,-1.09
577,341020,5780,-6.577,22.673,-1.1,-1.1,-1.1,-1.1,-1.1,-1.1
578,341610,5790,-7.12,22.751,-1.19,-1.19,-1.19,-1.19,-1.19,-1.19
579,342200,5800,-7.453,22.735,-1.24,-1.24,-1.24,-1.24,-1.24,-1.24
580,342790,5810,-6.745,22.688,-1.12,-1.12,-1.12,-1.12,-1.12,-1.12
581,343380,5820,-6.792,22.595,-1.13,-1.13,-1.13,-1.13,-1.13,-1.13
582,343970,5830,-6.709,22.548,-1.12,-1.12,-1.12,-1.12,-1.12,-1.12
583,344560,5840,-6.47,22.548,-1.08,-1.08,-1.08,-1.08,-1.08,-1.08
584,345150,5850,-6.936,22.517,-1.16,-1.16,-1.16,-1.16,-1.16,-1.16
585,345740,5860,-7.624,22.548,-1.27,-1.27,-1.27,-1.27,-1.27,-1.27
586,346330,5870,-6.827,22.595,-1.14,-1.14,-1.14,-1.14,-1.14,-1.14
587,346920,5880,-6.668,22.563,-1.11,-1.11,-1.11,-1.11,-1.11,-1.11
588,347510,5890,-6.446,22.532,-1.07,-1.07,-1.07,-1.07,-1.07,-1.07
589,348100,5900,-6.574,22.517,-1.1,-1.1,-1.1,-1.1,-1.1,-1.1
590,348690,5910,-7.857,22.516,-1.31,-1.31,-1.31,-1.31,-1.31,-1.31
591,349280,5920,-6.581,22.704,-1.1,-1.1,-1.1,-1.1,-1.1,-1.1
592,349870,5930,-6.596,22.595,-1.1,-1.1,-1.1,-1.1,-1.1,-1.1
593,350460,5940,-6.834,22.563,-1.14,-1.14,-1.14,-1.14,-1.14,-1.14
594,351050,5950,-6.638,22.532,-1.11,-1.11,-1.11,-1.11,-1.11,-1.11
595,351640,5960,-7.004,22.548,-1.17,-1.17,-1.17,-1.17,-1.17,-1.17
596,352230,5970,-7.506,22.517,-1.25,-1.25,-1.25,-1.25,-1.25,-1.25
597,352820,5980,-6.595,22.579,-1.1,-1.1,-1.1,-1.1,-1.1,-1.1
598,353410,5990,-6.902,22.532,-1.15,-1.15,-1.15,-1.15,-1.15,-1.15
599,354000,6000,-6.619,22.532,-1.1,-1.1,-1.1,-1.1,-1.1,-1.1
600,354590,6010,-6.572,22.516,-1.1,-1.1,-1.1,-1.1,-1.1,-1.1
601,355180,6020,-7.543,22.563,-1.26,-1.26,-1.26,-1.26,-1.26,-1.26
602,355770,6030,-7.159,22.563,-1.19,-1.19,-1.19,-1.19,-1.19,-1.19
603,356360,6040,-6.6,22.61,-1.1,-1.1,-1.1,-1.1,-1.1,-1.1
604,356950,6050,-6.66,22.798,-1.11,-1.11,-1.11,-1.11,-1.11,-1.11
605,357540,6060,-6.726,22.72,-1.12,-1.12,-1.12,-1.12,-1.12,-1.12
606,358130,6070,-7.182,22.595,-1.2,-1.2,-1.2,-1.2,-1.2,-1.2
607,358720,6080,-7.585,22.579,-1.26,-1.26,-1.26,-1.26,-1.26,-1.26
608,359310,6090,-6.725,22.595,-1.12,-1.12,-1.12,-1.12,-1.12,-1.12
609,359900,6100,-6.826,22.563,-1.14,-1.14,-1.14,-1.14,-1.14,-1.14
610,360490,6110,-6.709,22.61,-1.12,-1.12,-1.12,-1.12,-1.12,-1.12
611,361080,6120,-6.555,22.705,-1.09,-1.09,-1.09,-1.09,-1.09,-1.09
612,361670,6130,-6.927,22.735,-1.15,-1.15,-1.15,-1.15,-1.15,-1.15
613,362260,6140,-7.642,22.72,-1.27,-1.27,-1.27,-1.27,-1.27,-1.27
614,362850,6150,-6.796,22.735,-1.13,-1.13,-1.13,-1.13,-1.13,-1.13
615,363440,6160,-6.666,23.767,-1.11,-1.11,-1.11,-1.11,-1.11,-1.11
616,364030,6170,-6.615,23.176,-1.1,-1.1,-1.1,-1.1,-1.1,-1.1
617,364620,6180,-6.549,22.735,-1.09,-1.09,-1.09,-1.09,-1.09,-1.09
618,365210,6190,-8.015,22.767,-1.34,-1.34,-1.34,-1.34,-1.34,-1.34
619,365800,6200,-6.642,22.767,-1.11,-1.11,-1.11,-1.11,-1.11,-1.11
620,366390,6210,-6.56,22.751,-1.09,-1.09,-1.09,-1.09,-1.09,-1.09
621,366980,6220,-6.736,22.737,-1.12,-1.12,-1.12,-1.12,-1.12,-1.12
622,367570,6230,-6.53,22.72,-1.09,-1.09,-1.09,-1.09,-1.09,-1.09
623,368160,6240,-6.781,22.673,-1.13,-1.13,-1.13,-1.13,-1.13,-1.13
624,368750,6250,-7.618,22.688,-1.27,-1.27,-1.27,-1.27,-1.27,-1.27
625,369340,6260,-6.835,22.61,-1.14,-1.14,-1.14,-1.14,-1.14,-1.14
626,369930,6270,-6.662,22.61,-1.11,-1.11,-1.11,-1.11,-1.11,-1.11
627,370520,6280,-6.47,22.595,-1.08,-1.08,-1.08,-1.08,-1.08,-1.08
628,371110,6290,-6.435,23.079,-1.07,-1.07,-1.07,-1.07,-1.07,-1.07
629,371700,6300,-7.629,22.704,-1.27,-1.27,-1.27,-1.27,-1.27,-1.27
630,372290,6310,-7.176,22.688,-1.2,-1.2,-1.2,-1.2,-1.2,-1.2
631,372880,6320,-6.568,22.595,-1.09,-1.09,-1.09,-1.09,-1.09,-1.09
632,373470,6330,-6.57,22.517,-1.09,-1.09,-1.09,-1.09,-1.09,-1.09
633,374060,6340,-6.542,22.532,-1.09,-1.09,-1.09,-1.09,-1.09,-1.09
634,374650,6350,-7.03,22.517,-1.17,-1.17,-1.17,-1.17,-1.17,-1.17
635,375240,6360,-7.596,22.534,-1.27,-1.27,-1.27,-1.27,-1.27,-1.27
636,375830,6370,-6.709,22.565,-1.12,-1.12,-1.12,-1.12,-1.12,-1.12
637,376420,6380,-6.746,22.548,-1.12,-1.12,-1.12,-1.12,-1.12,-1.12
638,377010,6390,-6.701,22.548,-1.12,-1.12,-1.12,-1.12,-1.12,-1.12
639,377600,6400,-6.447,22.548,-1.07,-1.07,-1.07,-1.07,-1.07,-1.07
640,378190,6410,-7.026,22.563,-1.17,-1.17,-1.17,-1.17,-1.17,-1.17
641,378780,6420,-7.758,22.704,-1.29,-1.29,-1.29,-1.29,-1.29,-1.29
642,379370,6430,-6.976,22.642,-1.16,-1.16,-1.16,-1.16,-1.16,-1.16
643,379960,6440,-6.525,22.657,-1.09,-1.09,-1.09,-1.09,-1.09,-1.09
644,380550,6450,-6.539,22.626,-1.09,-1.09,-1.09,-1.09,-1.09,-1.09
645,381140,6460,-6.58,22.735,-1.1,-1.1,-1.1,-1.1,-1.1,-1.1
646,381730,6470,-8.203,22.751,-1.37,-1.37,-1.37,-1.37,-1.37,-1.37
647,382320,6480,-6.706,22.735,-1.12,-1.12,-1.12,-1.12,-1.12,-1.12
648,382910,6490,-6.554,22.72,-1.09,-1.09,-1.09,-1.09,-1.09,-1.09
649,383500,6500,-6.656,22.688,-1.11,-1.11,-1.11,-1.11,-1.11,-1.11
650,384090,6510,-6.38,22.579,-1.06,-1.06,-1.06,-1.06,-1.06,-1.06
651,384680,6520,-6.947,22.642,-1.16,-1.16,-1.16,-1.16,-1.16,-1.16
652,385270,6530,-7.459,22.798,-1.24,-1.24,-1.24,-1.24,-1.24,-1.24
653,385860,6540,-6.772,23.235,-1.13,-1.13,-1.13,-1.13,-1.13,-1.13
654,386450,6550,-6.817,22.595,-1.14,-1.14,-1.14,-1.14,-1.14,-1.14
655,387040,6560,-6.553,22.688,-1.09,-1.09,-1.09,-1.09,-1.09,-1.09
656,387630,6570,-6.411,22.782,-1.07,-1.07,-1.07,-1.07,-1.07,-1.07
657,388220,6580,-7.516,22.829,-1.25,-1.25,-1.25,-1.25,-1.25,-1.25
658,388810,6590,-7.313,22.595,-1.22,-1.22,-1.22,-1.22,-1.22,-1.22
659,389400,6600,-6.621,22.61,-1.1,-1.1,-1.1,-1.1,-1.1,-1.1
660,389990,6610,-6.569,22.61,-1.09,-1.09,-1.09,-1.09,-1.09,-1.09
661,390580,6620,-6.522,26.001,-1.09,-1.09,-1.09,-1.09,-1.09,-1.09
662,391170,6630,-7.018,26.532,-1.17,-1.17,-1.17,-1.17,-1.17,-1.17
663,391760,6640,-7.824,28.72,-1.3,-1.3,-1.3,-1.3,-1.3,-1.3
664,392350,6650,-6.872,26.282,-1.15,-1.15,-1.15,-1.15,-1.15,-1.15
665,392940,6660,-6.866,22.767,-1.14,-1.14,-1.14,-1.14,-1.14,-1.14
666,393530,6670,-6.568,22.751,-1.09,-1.09,-1.09,-1.09,-1.09,-1.09
667,394120,6680,-6.431,22.688,-1.07,-1.07,-1.07,-1.07,-1.07,-1.07
668,394710,6690,-6.958,22.706,-1.16,-1.16,-1.16,-1.16,-1.16,-1.16
669,395300,6700,-7.799,22.735,-1.3,-1.3,-1.3,-1.3,-1.3,-1.3
670,395890,6710,-7.129,22.735,-1.19,-1.19,-1.19,-1.19,-1.19,-1.19
671,396480,6720,-6.425,22.751,-1.07,-1.07,-1.07,-1.07,-1.07,-1.07
672,397070,6730,-6.506,22.72,-1.08,-1.08,-1.08,-1.08,-1.08,-1.08
673,397660,6740,-6.724,22.72,-1.12,-1.12,-1.12,-1.12,-1.12,-1.12
674,398250,6750,-8.219,22.782,-1.37,-1.37,-1.37,-1.37,-1.37,-1.37
675,398840,6760,-6.721,22.72,-1.12,-1.12,-1.12,-1.12,-1.12,-1.12
676,399430,6770,-6.657,22.735,-1.11,-1.11,-1.11,-1.11,-1.11,-1.11
677,400020,6780,-6.662,22.642,-1.11,-1.11,-1.11,-1.11,-1.11,-1.11
678,400610,6790,-6.642,22.704,-1.11,-1.11,-1.11,-1.11,-1.11,-1.11
679,401200,6800,-6.927,22.735,-1.15,-1.15,-1.15,-1.15,-1.15,-1.15
680,401790,6810,-7.507,22.72,-1.25,-1.25,-1.25,-1.25,-1.25,-1.25
681,402380,6820,-6.807,22.72,-1.13,-1.13,-1.13,-1.13,-1.13,-1.13
682,402970,6830,-6.795,22.704,-1.13,-1.13,-1.13,-1.13,-1.13,-1.13
683,403560,6840,-6.503,22.688,-1.08,-1.08,-1.08,-1.08,-1.08,-1.08
684,404150,6850,-6.37,22.711,-1.06,-1.06,-1.06,-1.06,-1.06,-1.06
685,404740,6860,-7.687,22.673,-1.28,-1.28,-1.28,-1.28,-1.28,-1.28
686,405330,6870,-7.262,22.704,-1.21,-1.21,-1.21,-1.21,-1.21,-1.21
687,405920,6880,-6.614,22.706,-1.1,-1.1,-1.1,-1.1,-1.1,-1.1
688,406510,6890,-6.704,22.86,-1.12,-1.12,-1.12,-1.12,-1.12,-1.12
689,407100,6900,-6.783,22.688,-1.13,-1.13,-1.13,-1.13,-1.13,-1.13
690,407690,6910,-7.049,22.657,-1.17,-1.17,-1.17,-1.17,-1.17,-1.17
691,408280,6920,-7.542,22.688,-1.26,-1.26,-1.26,-1.26,-1.26,-1.26
692,408870,6930,-6.706,22.688,-1.12,-1.12,-1.12,-1.12,-1.12,-1.12
693,409460,6940,-6.79,22.659,-1.13,-1.13,-1.13,-1.13,-1.13,-1.13
694,410050,6950,-6.549,22.596,-1.09,-1.09,-1.09,-1.09,-1.09,-1.09
695,410640,6960,-6.521,22.565,-1.09,-1.09,-1.09,-1.09,-1.09,-1.09
696,411230,6970,-6.763,22.61,-1.13,-1.13,-1.13,-1.13,-1.13,-1.13
697,411820,6980,-7.613,22.563,-1.27,-1.27,-1.27,-1.27,-1.27,-1.27
698,412410,6990,-6.855,22.61,-1.14,-1.14,-1.14,-1.14,-1.14,-1.14
699,413000,7000,-6.569,22.627,-1.09,-1.09,-1.09,-1.09,-1.09,-1.09
700,413590,7010,-6.555,22.61,-1.09,-1.09,-1.09,-1.09,-1.09,-1.09
701,414180,7020,-6.512,22.61,-1.09,-1.09,-1.09,-1.09,-1.09,-1.09
702,414770,7030,-8.129,22.61,-1.35,-1.35,-1.35,-1.35,-1.35,-1.35
703,415360,7040,-6.706,22.579,-1.12,-1.12,-1.12,-1.12,-1.12,-1.12
704,415950,7050,-6.408,22.61,-1.07,-1.07,-1.07,-1.07,-1.07,-1.07
705,416540,7060,-6.703,22.61,-1.12,-1.12,-1.12,-1.12,-1.12,-1.12
706,417130,7070,-6.436,22.564,-1.07,-1.07,-1.07,-1.07,-1.07,-1.07
707,417720,7080,-6.882,22.579,-1.15,-1.15,-1.15,-1.15,-1.15,-1.15
708,418310,7090,-7.444,22.767,-1.24,-1.24,-1.24,-1.24,-1.24,-1.24
709,418900,7100,-6.847,22.657,-1.14,-1.14,-1.14,-1.14,-1.14,-1.14
710,419490,7110,-6.805,22.72,-1.13,-1.13,-1.13,-1.13,-1.13,-1.13
711,420080,7120,-6.492,22.673,-1.08,-1.08,-1.08,-1.08,-1.08,-1.08
712,420670,7130,-6.535,22.688,-1.09,-1.09,-1.09,-1.09,-1.09,-1.09
713,421260,7140,-7.582,22.704,-1.26,-1.26,-1.26,-1.26,-1.26,-1.26
714,421850,7150,-7.256,22.72,-1.21,-1.21,-1.21,-1.21,-1.21,-1.21
715,422440,7160,-6.63,22.704,-1.11,-1.11,-1.11,-1.11,-1.11,-1.11
716,423030,7170,-6.487,22.845,-1.08,-1.08,-1.08,-1.08,-1.08,-1.08
717,423620,7180,-6.606,22.704,-1.1,-1.1,-1.1,-1.1,-1.1,-1.1
718,424210,7190,-6.988,22.642,-1.16,-1.16,-1.16,-1.16,-1.16,-1.16
719,424800,7200,-7.317,22.735,-1.22,-1.22,-1.22,-1.22,-1.22,-1.22
720,425390,7210,-6.716,22.595,-1.12,-1.12,-1.12,-1.12,-1.12,-1.12
721,425980,7220,-6.802,22.517,-1.13,-1.13,-1.13,-1.13,-1.13,-1.13
722,426570,7230,-6.604,22.532,-1.1,-1.1,-1.1,-1.1,-1.1,-1.1
723,427160,7240,-6.424,22.532,-1.07,-1.07,-1.07,-1.07,-1.07,-1.07
724,427750,7250,-6.824,22.533,-1.14,-1.14,-1.14,-1.14,-1.14,-1.14
725,428340,7260,-7.65,22.501,-1.28,-1.28,-1.28,-1.28,-1.28,-1.28
726,428930,7270,-6.687,22.532,-1.11,-1.11,-1.11,-1.11,-1.11,-1.11
727,429520,7280,-6.503,22.548,-1.08,-1.08,-1.08,-1.08,-1.08,-1.08
728,430110,7290,-6.53,22.563,-1.09,-1.09,-1.09,-1.09,-1.09,-1.09
729,430700,7300,-6.636,22.563,-1.11,-1.11,-1.11,-1.11,-1.11,-1.11
730,431290,7310,-8.12,24.157,-1.35,-1.35,-1.35,-1.35,-1.35,-1.35
731,431880,7320,-6.721,22.532,-1.12,-1.12,-1.12,-1.12,-1.12,-1.12
732,432470,7330,-6.538,22.642,-1.09,-1.09,-1.09,-1.09,-1.09,-1.09
733,433060,7340,-6.553,22.657,-1.09,-1.09,-1.09,-1.09,-1.09,-1.09
734,433650,7350,-6.577,22.642,-1.1,-1.1,-1.1,-1.1,-1.1,-1.1
735,434240,7360,-6.856,25.11,-1.14,-1.14,-1.14,-1.14,-1.14,-1.14
736,434830,7370,-7.456,22.688,-1.24,-1.24,-1.24,-1.24,-1.24,-1.24
737,435420,7380,-6.825,22.704,-1.14,-1.14,-1.14,-1.14,-1.14,-1.14
738,436010,7390,-6.628,22.579,-1.1,-1.1,-1.1,-1.1,-1.1,-1.1
739,436600,7400,-6.435,22.55,-1.07,-1.07,-1.07,-1.07,-1.07,-1.07
740,437190,7410,-6.436,22.517,-1.07,-1.07,-1.07,-1.07,-1.07,-1.07
741,437780,7420,-7.403,22.532,-1.23,-1.23,-1.23,-1.23,-1.23,-1.23
742,438370,7430,-7.077,22.548,-1.18,-1.18,-1.18,-1.18,-1.18,-1.18
743,438960,7440,-6.763,22.548,-1.13,-1.13,-1.13,-1.13,-1.13,-1.13
744,439550,7450,-6.589,22.563,-1.1,-1.1,-1.1,-1.1,-1.1,-1.1
745,440140,7460,-6.521,22.549,-1.09,-1.09,-1.09,-1.09,-1.09,-1.09
746,440730,7470,-6.8,22.548,-1.13,-1.13,-1.13,-1.13,-1.13,-1.13
747,441320,7480,-7.318,22.548,-1.22,-1.22,-1.22,-1.22,-1.22,-1.22
748,441910,7490,-6.748,22.673,-1.12,-1.12,-1.12,-1.12,-1.12,-1.12
749,442500,7500,-6.786,22.97,-1.13,-1.13,-1.13,-1.13,-1.13,-1.13
750,443090,7510,-6.652,22.673,-1.11,-1.11,-1.11,-1.11,-1.11,-1.11
751,443680,7520,-6.429,22.612,-1.07,-1.07,-1.07,-1.07,-1.07,-1.07
752,444270,7530,-7.012,22.532,-1.17,-1.17,-1.17,-1.17,-1.17,-1.17
753,444860,7540,-7.746,22.517,-1.29,-1.29,-1.29,-1.29,-1.29,-1.29
754,445450,7550,-6.763,22.517,-1.13,-1.13,-1.13,-1.13,-1.13,-1.13
755,446040,7560,-6.542,22.501,-1.09,-1.09,-1.09,-1.09,-1.09,-1.09
756,446630,7570,-6.532,22.532,-1.09,-1.09,-1.09,-1.09,-1.09,-1.09
757,447220,7580,-6.624,22.563,-1.1,-1.1,-1.1,-1.1,-1.1,-1.1
758,447810,7590,-8.061,22.55,-1.34,-1.34,-1.34,-1.34,-1.34,-1.34
759,448400,7600,-6.58,22.548,-1.1,-1.1,-1.1,-1.1,-1.1,-1.1
760,448990,7610,-6.612,22.61,-1.1,-1.1,-1.1,-1.1,-1.1,-1.1
761,449580,7620,-6.623,22.657,-1.1,-1.1,-1.1,-1.1,-1.1,-1.1
762,450170,7630,-6.507,22.657,-1.08,-1.08,-1.08,-1.08,-1.08,-1.08
763,450760,7640,-6.955,22.673,-1.16,-1.16,-1.16,-1.16,-1.16,-1.16
764,451350,7650,-7.565,22.69,-1.26,-1.26,-1.26,-1.26,-1.26,-1.26
765,451940,7660,-6.872,22.688,-1.15,-1.15,-1.15,-1.15,-1.15,-1.15
766,452530,7670,-6.708,22.72,-1.12,-1.12,-1.12,-1.12,-1.12,-1.12
767,453120,7680,-6.527,22.704,-1.09,-1.09,-1.09,-1.09,-1.09,-1.09
768,453710,7690,-6.269,22.704,-1.04,-1.04,-1.04,-1.04,-1.04,-1.04
769,454300,7700,-7.551,22.704,-1.26,-1.26,-1.26,-1.26,-1.26,-1.26
770,454890,7710,-7.174,22.704,-1.2,-1.2,-1.2,-1.2,-1.2,-1.2
771,455480,7720,-6.646,22.688,-1.11,-1.11,-1.11,-1.11,-1.11,-1.11
772,456070,7730,-6.366,22.938,-1.06,-1.06,-1.06,-1.06,-1.06,-1.06
773,456660,7740,-6.615,22.798,-1.1,-1.1,-1.1,-1.1,-1.1,-1.1
774,457250,7750,-7.033,22.627,-1.17,-1.17,-1.17,-1.17,-1.17,-1.17
775,457840,7760,-7.376,22.563,-1.23,-1.23,-1.23,-1.23,-1.23,-1.23
776,458430,7770,-6.565,25.173,-1.09,-1.09,-1.09,-1.09,-1.09,-1.09
777,459020,7780,-6.698,25.845,-1.12,-1.12,-1.12,-1.12,-1.12,-1.12
778,459610,7790,-6.526,28.517,-1.09,-1.09,-1.09,-1.09,-1.09,-1.09
779,460200,7800,-6.299,27.517,-1.05,-1.05,-1.05,-1.05,-1.05,-1.05
780,460790,7810,-7.08,22.829,-1.18,-1.18,-1.18,-1.18,-1.18,-1.18
781,461380,7820,-7.592,22.704,-1.27,-1.27,-1.27,-1.27,-1.27,-1.27
782,461970,7830,-6.79,22.688,-1.13,-1.13,-1.13,-1.13,-1.13,-1.13
783,462560,7840,-6.427,22.813,-1.07,-1.07,-1.07,-1.07,-1.07,-1.07
784,463150,7850,-6.517,22.689,-1.09,-1.09,-1.09,-1.09,-1.09,-1.09
785,463740,7860,-6.585,22.673,-1.1,-1.1,-1.1,-1.1,-1.1,-1.1
786,464330,7870,-8.049,22.688,-1.34,-1.34,-1.34,-1.34,-1.34,-1.34
787,464920,7880,-6.799,22.673,-1.13,-1.13,-1.13,-1.13,-1.13,-1.13
788,465510,7890,-6.719,22.704,-1.12,-1.12,-1.12,-1.12,-1.12,-1.12
789,466100,7900,-6.596,22.673,-1.1,-1.1,-1.1,-1.1,-1.1,-1.1
790,466690,7910,-6.579,22.673,-1.1,-1.1,-1.1,-1.1,-1.1,-1.1
791,467280,7920,-6.886,22.595,-1.15,-1.15,-1.15,-1.15,-1.15,-1.15
792,467870,7930,-7.439,22.641,-1.24,-1.24,-1.24,-1.24,-1.24,-1.24
793,468460,7940,-6.796,22.704,-1.13,-1.13,-1.13,-1.13,-1.13,-1.13
794,469050,7950,-6.72,22.704,-1.12,-1.12,-1.12,-1.12,-1.12,-1.12
795,469640,7960,-6.385,22.845,-1.06,-1.06,-1.06,-1.06,-1.06,-1.06
796,470230,7970,-6.448,22.72,-1.07,-1.07,-1.07,-1.07,-1.07,-1.07
797,470820,7980,-7.468,22.69,-1.24,-1.24,-1.24,-1.24,-1.24,-1.24
798,471410,7990,-7.268,22.704,-1.21,-1.21,-1.21,-1.21,-1.21,-1.21
799,472000,8000,-6.496,22.688,-1.08,-1.08,-1.08,-1.08,-1.08,-1.08
800,472590,8010,-6.376,22.689,-1.06,-1.06,-1.06,-1.06,-1.06,-1.06
801,473180,8020,-6.567,22.688,-1.09,-1.09,-1.09,-1.09,-1.09,-1.09
802,473770,8030,-7.06,22.704,-1.18,-1.18,-1.18,-1.18,-1.18,-1.18
803,474360,8040,-7.626,22.705,-1.27,-1.27,-1.27,-1.27,-1.27,-1.27
804,474950,8050,-6.638,22.688,-1.11,-1.11,-1.11,-1.11,-1.11,-1.11
805,475540,8060,-6.688,22.673,-1.11,-1.11,-1.11,-1.11,-1.11,-1.11
806,476130,8070,-6.477,22.704,-1.08,-1.08,-1.08,-1.08,-1.08,-1.08
807,476720,8080,-6.427,22.688,-1.07,-1.07,-1.07,-1.07,-1.07,-1.07
808,477310,8090,-6.839,22.704,-1.14,-1.14,-1.14,-1.14,-1.14,-1.14
809,477900,8100,-7.895,22.689,-1.32,-1.32,-1.32,-1.32,-1.32,-1.32
810,478490,8110,-6.87,23.346,-1.14,-1.14,-1.14,-1.14,-1.14,-1.14
811,479080,8120,-6.565,22.704,-1.09,-1.09,-1.09,-1.09,-1.09,-1.09
812,479670,8130,-6.448,22.642,-1.07,-1.07,-1.07,-1.07,-1.07,-1.07
813,480260,8140,-6.573,22.657,-1.1,-1.1,-1.1,-1.1,-1.1,-1.1
814,480850,8150,-8.412,22.673,-1.4,-1.4,-1.4,-1.4,-1.4,-1.4
815,481440,8160,-6.692,22.643,-1.12,-1.12,-1.12,-1.12,-1.12,-1.12
816,482030,8170,-6.643,22.642,-1.11,-1.11,-1.11,-1.11,-1.11,-1.11
817,482620,8180,-6.579,22.657,-1.1,-1.1,-1.1,-1.1,-1.1,-1.1
818,483210,8190,-6.482,22.61,-1.08,-1.08,-1.08,-1.08,-1.08,-1.08
819,483800,8200,-6.93,22.61,-1.16,-1.16,-1.16,-1.16,-1.16,-1.16
820,484390,8210,-7.72,22.673,-1.29,-1.29,-1.29,-1.29,-1.29,-1.29
821,484980,8220,-6.785,22.643,-1.13,-1.13,-1.13,-1.13,-1.13,-1.13
822,485570,8230,-6.617,22.688,-1.1,-1.1,-1.1,-1.1,-1.1,-1.1
823,486160,8240,-6.503,22.751,-1.08,-1.08,-1.08,-1.08,-1.08,-1.08
824,486750,8250,-6.538,22.798,-1.09,-1.09,-1.09,-1.09,-1.09,-1.09
825,487340,8260,-7.633,22.735,-1.27,-1.27,-1.27,-1.27,-1.27,-1.27
826,487930,8270,-7.389,22.735,-1.23,-1.23,-1.23,-1.23,-1.23,-1.23
827,488520,8280,-6.53,22.72,-1.09,-1.09,-1.09,-1.09,-1.09,-1.09
828,489110,8290,-6.414,22.782,-1.07,-1.07,-1.07,-1.07,-1.07,-1.07
829,489700,8300,-6.406,22.767,-1.07,-1.07,-1.07,-1.07,-1.07,-1.07
830,490290,8310,-6.972,22.751,-1.16,-1.16,-1.16,-1.16,-1.16,-1.16
831,490880,8320,-7.524,22.751,-1.25,-1.25,-1.25,-1.25,-1.25,-1.25
832,491470,8330,-6.618,22.704,-1.1,-1.1,-1.1,-1.1,-1.1,-1.1
833,492060,8340,-6.666,22.751,-1.11,-1.11,-1.11,-1.11,-1.11,-1.11
834,492650,8350,-6.504,22.736,-1.08,-1.08,-1.08,-1.08,-1.08,-1.08
835,493240,8360,-6.413,22.72,-1.07,-1.07,-1.07,-1.07,-1.07,-1.07
836,493830,8370,-7.019,22.688,-1.17,-1.17,-1.17,-1.17,-1.17,-1.17
837,494420,8380,-7.768,22.688,-1.29,-1.29,-1.29,-1.29,-1.29,-1.29
838,495010,8390,-6.829,22.688,-1.14,-1.14,-1.14,-1.14,-1.14,-1.14
839,495600,8400,-6.529,22.657,-1.09,-1.09,-1.09,-1.09,-1.09,-1.09
840,496190,8410,-6.203,22.627,-1.03,-1.03,-1.03,-1.03,-1.03,-1.03
841,496780,8420,-6.54,22.642,-1.09,-1.09,-1.09,-1.09,-1.09,-1.09
842,497370,8430,-8.141,22.61,-1.36,-1.36,-1.36,-1.36,-1.36,-1.36
843,497960,8440,-6.8,22.61,-1.13,-1.13,-1.13,-1.13,-1.13,-1.13
844,498550,8450,-6.595,22.595,-1.1,-1.1,-1.1,-1.1,-1.1,-1.1
845,499140,8460,-6.656,22.61,-1.11,-1.11,-1.11,-1.11,-1.11,-1.11
846,499730,8470,-6.476,22.596,-1.08,-1.08,-1.08,-1.08,-1.08,-1.08
847,500320,8480,-6.97,22.579,-1.16,-1.16,-1.16,-1.16,-1.16,-1.16
848,500910,8490,-7.656,22.579,-1.28,-1.28,-1.28,-1.28,-1.28,-1.28
849,501500,8500,-6.814,22.595,-1.14,-1.14,-1.14,-1.14,-1.14,-1.14
850,502090,8510,-6.666,22.579,-1.11,-1.11,-1.11,-1.11,-1.11,-1.11
851,502680,8520,-6.3,22.595,-1.05,-1.05,-1.05,-1.05,-1.05,-1.05
852,503270,8530,-6.298,22.58,-1.05,-1.05,-1.05,-1.05,-1.05,-1.05
853,503860,8540,-7.568,22.61,-1.26,-1.26,-1.26,-1.26,-1.26,-1.26
854,504450,8550,-7.306,22.595,-1.22,-1.22,-1.22,-1.22,-1.22,-1.22
855,505040,8560,-6.727,22.563,-1.12,-1.12,-1.12,-1.12,-1.12,-1.12
856,505630,8570,-6.4,22.61,-1.07,-1.07,-1.07,-1.07,-1.07,-1.07
857,506220,8580,-6.536,23.032,-1.09,-1.09,-1.09,-1.09,-1.09,-1.09
858,506810,8590,-6.973,22.704,-1.16,-1.16,-1.16,-1.16,-1.16,-1.16
859,507400,8600,-7.437,22.673,-1.24,-1.24,-1.24,-1.24,-1.24,-1.24
860,507990,8610,-6.734,22.689,-1.12,-1.12,-1.12,-1.12,-1.12,-1.12
861,508580,8620,-6.578,22.563,-1.1,-1.1,-1.1,-1.1,-1.1,-1.1
862,509170,8630,-6.557,22.548,-1.09,-1.09,-1.09,-1.09,-1.09,-1.09
863,509760,8640,-6.357,22.548,-1.06,-1.06,-1.06,-1.06,-1.06,-1.06
864,510350,8650,-6.938,22.548,-1.16,-1.16,-1.16,-1.16,-1.16,-1.16
865,510940,8660,-7.891,22.595,-1.32,-1.32,-1.32,-1.32,-1.32,-1.32
866,511530,8670,-6.743,22.595,-1.12,-1.12,-1.12,-1.12,-1.12,-1.12
867,512120,8680,-6.386,22.642,-1.06,-1.06,-1.06,-1.06,-1.06,-1.06
868,512710,8690,-6.366,22.704,-1.06,-1.06,-1.06,-1.06,-1.06,-1.06
869,513300,8700,-6.714,22.673,-1.12,-1.12,-1.12,-1.12,-1.12,-1.12
870,513890,8710,-8.117,22.72,-1.35,-1.35,-1.35,-1.35,-1.35,-1.35
871,514480,8720,-6.828,22.782,-1.14,-1.14,-1.14,-1.14,-1.14,-1.14
872,515070,8730,-6.629,22.751,-1.1,-1.1,-1.1,-1.1,-1.1,-1.1
873,515660,8740,-6.645,22.767,-1.11,-1.11,-1.11,-1.11,-1.11,-1.11
874,516250,8750,-6.49,22.751,-1.08,-1.08,-1.08,-1.08,-1.08,-1.08
875,516840,8760,-6.82,22.798,-1.14,-1.14,-1.14,-1.14,-1.14,-1.14
876,517430,8770,-7.64,22.657,-1.27,-1.27,-1.27,-1.27,-1.27,-1.27
877,518020,8780,-6.726,22.688,-1.12,-1.12,-1.12,-1.12,-1.12,-1.12
878,518610,8790,-6.779,22.767,-1.13,-1.13,-1.13,-1.13,-1.13,-1.13
879,519200,8800,-6.296,22.813,-1.05,-1.05,-1.05,-1.05,-1.05,-1.05
880,519790,8810,-6.419,22.657,-1.07,-1.07,-1.07,-1.07,-1.07,-1.07
881,520380,8820,-7.605,22.641,-1.27,-1.27,-1.27,-1.27,-1.27,-1.27
882,520970,8830,-7.35,22.657,-1.23,-1.23,-1.23,-1.23,-1.23,-1.23
883,521560,8840,-6.507,22.704,-1.08,-1.08,-1.08,-1.08,-1.08,-1.08
884,522150,8850,-6.353,22.72,-1.06,-1.06,-1.06,-1.06,-1.06,-1.06
885,522740,8860,-6.496,22.72,-1.08,-1.08,-1.08,-1.08,-1.08,-1.08
886,523330,8870,-6.948,22.688,-1.16,-1.16,-1.16,-1.16,-1.16,-1.16
887,523920,8880,-7.517,22.626,-1.25,-1.25,-1.25,-1.25,-1.25,-1.25
888,524510,8890,-6.464,22.642,-1.08,-1.08,-1.08,-1.08,-1.08,-1.08
889,525100,8900,-6.593,23.157,-1.1,-1.1,-1.1,-1.1,-1.1,-1.1
890,525690,8910,-6.576,22.751,-1.1,-1.1,-1.1,-1.1,-1.1,-1.1
891,526280,8920,-6.398,24.751,-1.07,-1.07,-1.07,-1.07,-1.07,-1.07
892,526870,8930,-6.91,25.954,-1.15,-1.15,-1.15,-1.15,-1.15,-1.15
893,527460,8940,-7.844,28.079,-1.31,-1.31,-1.31,-1.31,-1.31,-1.31
894,528050,8950,-6.687,28.564,-1.11,-1.11,-1.11,-1.11,-1.11,-1.11
895,528640,8960,-6.561,22.657,-1.09,-1.09,-1.09,-1.09,-1.09,-1.09
896,529230,8970,-6.505,22.595,-1.08,-1.08,-1.08,-1.08,-1.08,-1.08
897,529820,8980,-6.69,22.657,-1.11,-1.11,-1.11,-1.11,-1.11,-1.11
898,530410,8990,-7.978,22.642,-1.33,-1.33,-1.33,-1.33,-1.33,-1.33
899,531000,9000,-6.759,22.642,-1.13,-1.13,-1.13,-1.13,-1.13,-1.13
900,531590,9010,-6.465,22.61,-1.08,-1.08,-1.08,-1.08,-1.08,-1.08
901,532180,9020,-6.623,22.595,-1.1,-1.1,-1.1,-1.1,-1.1,-1.1
902,532770,9030,-6.467,22.563,-1.08,-1.08,-1.08,-1.08,-1.08,-1.08
903,533360,9040,-6.79,22.579,-1.13,-1.13,-1.13,-1.13,-1.13,-1.13
904,533950,9050,-7.387,22.563,-1.23,-1.23,-1.23,-1.23,-1.23,-1.23
905,534540,9060,-6.711,22.61,-1.12,-1.12,-1.12,-1.12,-1.12,-1.12
906,535130,9070,-6.666,23.11,-1.11,-1.11,-1.11,-1.11,-1.11,-1.11
907,535720,9080,-6.35,22.626,-1.06,-1.06,-1.06,-1.06,-1.06,-1.06
908,536310,9090,-6.389,22.626,-1.06,-1.06,-1.06,-1.06,-1.06,-1.06
909,536900,9100,-7.625,22.61,-1.27,-1.27,-1.27,-1.27,-1.27,-1.27
910,537490,9110,-7.135,22.642,-1.19,-1.19,-1.19,-1.19,-1.19,-1.19
911,538080,9120,-6.671,22.563,-1.11,-1.11,-1.11,-1.11,-1.11,-1.11
912,538670,9130,-6.542,22.548,-1.09,-1.09,-1.09,-1.09,-1.09,-1.09
913,539260,9140,-6.295,22.548,-1.05,-1.05,-1.05,-1.05,-1.05,-1.05
914,539850,9150,-6.934,22.532,-1.16,-1.16,-1.16,-1.16,-1.16,-1.16
915,540440,9160,-7.309,22.563,-1.22,-1.22,-1.22,-1.22,-1.22,-1.22
916,541030,9170,-6.652,22.644,-1.11,-1.11,-1.11,-1.11,-1.11,-1.11
917,541620,9180,-6.739,22.657,-1.12,-1.12,-1.12,-1.12,-1.12,-1.12
918,542210,9190,-6.569,22.673,-1.09,-1.09,-1.09,-1.09,-1.09,-1.09
919,542800,9200,-6.37,22.61,-1.06,-1.06,-1.06,-1.06,-1.06,-1.06
920,543390,9210,-6.895,22.579,-1.15,-1.15,-1.15,-1.15,-1.15,-1.15
921,543980,9220,-7.538,22.579,-1.26,-1.26,-1.26,-1.26,-1.26,-1.26
922,544570,9230,-6.671,22.583,-1.11,-1.11,-1.11,-1.11,-1.11,-1.11
923,545160,9240,-6.475,22.595,-1.08,-1.08,-1.08,-1.08,-1.08,-1.08
924,545750,9250,-6.442,22.595,-1.07,-1.07,-1.07,-1.07,-1.07,-1.07
925,546340,9260,-6.538,22.626,-1.09,-1.09,-1.09,-1.09,-1.09,-1.09
926,546930,9270,-7.922,22.61,-1.32,-1.32,-1.32,-1.32,-1.32,-1.32
927,547520,9280,-6.541,22.657,-1.09,-1.09,-1.09,-1.09,-1.09,-1.09
928,548110,9290,-6.61,22.689,-1.1,-1.1,-1.1,-1.1,-1.1,-1.1
929,548700,9300,-6.733,22.704,-1.12,-1.12,-1.12,-1.12,-1.12,-1.12
930,549290,9310,-6.403,22.845,-1.07,-1.07,-1.07,-1.07,-1.07,-1.07
931,549880,9320,-6.822,22.706,-1.14,-1.14,-1.14,-1.14,-1.14,-1.14
932,550470,9330,-7.594,22.813,-1.27,-1.27,-1.27,-1.27,-1.27,-1.27
933,551060,9340,-6.69,22.798,-1.11,-1.11,-1.11,-1.11,-1.11,-1.11
934,551650,9350,-6.708,22.782,-1.12,-1.12,-1.12,-1.12,-1.12,-1.12
935,552240,9360,-6.637,22.767,-1.11,-1.11,-1.11,-1.11,-1.11,-1.11
936,552830,9370,-6.326,22.751,-1.05,-1.05,-1.05,-1.05,-1.05,-1.05
937,553420,9380,-7.683,22.735,-1.28,-1.28,-1.28,-1.28,-1.28,-1.28
938,554010,9390,-7.2,22.735,-1.2,-1.2,-1.2,-1.2,-1.2,-1.2
939,554600,9400,-6.493,22.704,-1.08,-1.08,-1.08,-1.08,-1.08,-1.08
940,555190,9410,-6.429,22.657,-1.07,-1.07,-1.07,-1.07,-1.07,-1.07
941,555780,9420,-6.528,22.657,-1.09,-1.09,-1.09,-1.09,-1.09,-1.09
942,556370,9430,-6.999,22.657,-1.17,-1.17,-1.17,-1.17,-1.17,-1.17
943,556960,9440,-7.505,22.642,-1.25,-1.25,-1.25,-1.25,-1.25,-1.25
944,557550,9450,-6.793,22.673,-1.13,-1.13,-1.13,-1.13,-1.13,-1.13
945,558140,9460,-6.641,22.642,-1.11,-1.11,-1.11,-1.11,-1.11,-1.11
946,558730,9470,-6.585,22.61,-1.1,-1.1,-1.1,-1.1,-1.1,-1.1
947,559320,9480,-6.527,22.626,-1.09,-1.09,-1.09,-1.09,-1.09,-1.09
948,559910,9490,-6.999,22.61,-1.17,-1.17,-1.17,-1.17,-1.17,-1.17
949,560500,9500,-7.512,22.612,-1.25,-1.25,-1.25,-1.25,-1.25,-1.25
950,561090,9510,-6.725,22.61,-1.12,-1.12,-1.12,-1.12,-1.12,-1.12
951,561680,9520,-6.562,22.579,-1.09,-1.09,-1.09,-1.09,-1.09,-1.09
952,562270,9530,-6.402,22.61,-1.07,-1.07,-1.07,-1.07,-1.07,-1.07
953,562860,9540,-6.513,22.579,-1.09,-1.09,-1.09,-1.09,-1.09,-1.09
954,563450,9550,-7.99,22.579,-1.33,-1.33,-1.33,-1.33,-1.33,-1.33
955,564040,9560,-6.671,22.595,-1.11,-1.11,-1.11,-1.11,-1.11,-1.11
956,564630,9570,-6.694,22.563,-1.12,-1.12,-1.12,-1.12,-1.12,-1.12
957,565220,9580,-6.8,22.595,-1.13,-1.13,-1.13,-1.13,-1.13,-1.13
958,565810,9590,-6.487,22.579,-1.08,-1.08,-1.08,-1.08,-1.08,-1.08
959,566400,9600,-6.749,22.579,-1.12,-1.12,-1.12,-1.12,-1.12,-1.12
960,566990,9610,-7.486,22.595,-1.25,-1.25,-1.25,-1.25,-1.25,-1.25
961,567580,9620,-7.158,22.579,-1.19,-1.19,-1.19,-1.19,-1.19,-1.19
962,568170,9630,-6.803,22.595,-1.13,-1.13,-1.13,-1.13,-1.13,-1.13
963,568760,9640,-6.503,22.579,-1.08,-1.08,-1.08,-1.08,-1.08,-1.08
964,569350,9650,-6.242,22.735,-1.04,-1.04,-1.04,-1.04,-1.04,-1.04
965,569940,9660,-7.461,22.61,-1.24,-1.24,-1.24,-1.24,-1.24,-1.24
966,570530,9670,-7.095,22.595,-1.18,-1.18,-1.18,-1.18,-1.18,-1.18
967,571120,9680,-6.595,22.579,-1.1,-1.1,-1.1,-1.1,-1.1,-1.1
968,571710,9690,-6.523,22.579,-1.09,-1.09,-1.09,-1.09,-1.09,-1.09
969,572300,9700,-6.494,23.188,-1.08,-1.08,-1.08,-1.08,-1.08,-1.08
970,572890,9710,-7.1,22.595,-1.18,-1.18,-1.18,-1.18,-1.18,-1.18
971,573480,9720,-7.492,22.595,-1.25,-1.25,-1.25,-1.25,-1.25,-1.25
972,574070,9730,-6.549,22.657,-1.09,-1.09,-1.09,-1.09,-1.09,-1.09
973,574660,9740,-6.548,22.595,-1.09,-1.09,-1.09,-1.09,-1.09,-1.09
974,575250,9750,-6.516,22.579,-1.09,-1.09,-1.09,-1.09,-1.09,-1.09
975,575840,9760,-6.434,22.595,-1.07,-1.07,-1.07,-1.07,-1.07,-1.07
976,576430,9770,-6.852,22.579,-1.14,-1.14,-1.14,-1.14,-1.14,-1.14
977,577020,9780,-7.609,22.595,-1.27,-1.27,-1.27,-1.27,-1.27,-1.27
978,577610,9790,-6.713,22.563,-1.12,-1.12,-1.12,-1.12,-1.12,-1.12
979,578200,9800,-6.571,22.563,-1.1,-1.1,-1.1,-1.1,-1.1,-1.1
980,578790,9810,-6.475,22.595,-1.08,-1.08,-1.08,-1.08,-1.08,-1.08
981,579380,9820,-6.656,22.579,-1.11,-1.11,-1.11,-1.11,-1.11,-1.11
982,579970,9830,-8.118,22.61,-1.35,-1.35,-1.35,-1.35,-1.35,-1.35
983,580560,9840,-6.668,22.642,-1.11,-1.11,-1.11,-1.11,-1.11,-1.11
984,581150,9850,-6.441,22.626,-1.07,-1.07,-1.07,-1.07,-1.07,-1.07
985,581740,9860,-6.599,22.595,-1.1,-1.1,-1.1,-1.1,-1.1,-1.1
986,582330,9870,-6.495,22.642,-1.08,-1.08,-1.08,-1.08,-1.08,-1.08
987,582920,9880,-6.911,22.61,-1.15,-1.15,-1.15,-1.15,-1.15,-1.15
988,583510,9890,-7.662,22.626,-1.28,-1.28,-1.28,-1.28,-1.28,-1.28
989,584100,9900,-6.78,22.596,-1.13,-1.13,-1.13,-1.13,-1.13,-1.13
990,584690,9910,-6.776,22.595,-1.13,-1.13,-1.13,-1.13,-1.13,-1.13
991,585280,9920,-6.548,22.61,-1.09,-1.09,-1.09,-1.09,-1.09,-1.09
992,585870,9930,-6.574,22.642,-1.1,-1.1,-1.1,-1.1,-1.1,-1.1
993,586460,9940,-7.628,22.595,-1.27,-1.27,-1.27,-1.27,-1.27,-1.27
994,587050,9950,-7.304,22.61,-1.22,-1.22,-1.22,-1.22,-1.22,-1.22
995,587640,9960,-6.62,22.627,-1.1,-1.1,-1.1,-1.1,-1.1,-1.1
996,588230,9970,-6.503,22.642,-1.08,-1.08,-1.08,-1.08,-1.08,-1.08
997,588820,9980,-6.404,22.659,-1.07,-1.07,-1.07,-1.07,-1.07,-1.07
998,589410,9990,-7.081,22.688,-1.18,-1.18,-1.18,-1.18,-1.18,-1.18
999,590000,10000,-7.333,22.673,-1.22,-1.22,-1.22,-1.22,-1.22,-1.22
